invoice_id,supplier_id,amount,days_to_pay,num_items,weekend_submission,is_duplicate,is_fraud
INV1000,SUP21,5553.04,58,5,1,0,0
INV1001,SUP40,8.06,0,1,0,0,1
INV1002,SUP50,19668.69,18,18,0,0,0
INV1003,SUP24,6193.27,20,4,0,0,0
INV1004,SUP47,7993.13,56,14,0,0,0
INV1005,SUP48,16684.33,45,7,0,0,0
INV1006,SUP45,15574.05,56,4,0,0,0
INV1007,SUP14,2959.89,15,12,1,0,0
INV1008,SUP8,15556.68,39,2,1,0,0
INV1009,SUP10,83742.68,1,19,0,0,1
INV1010,SUP49,4730.76,27,1,0,0,0
INV1011,SUP34,18665.42,20,20,0,0,0
INV1012,SUP14,2266.25,32,1,0,0,0
INV1013,SUP41,6124.78,57,11,0,0,0
INV1014,SUP26,15643.64,57,1,0,0,0
INV1015,SUP32,9372.94,18,6,1,0,0
INV1016,SUP3,14655.46,22,12,0,0,0
INV1017,SUP36,13287.55,23,11,0,0,0
INV1018,SUP10,17793.06,48,12,1,0,0
INV1019,SUP11,15538.56,60,10,0,0,0
INV1020,SUP50,2350.9,27,6,1,0,0
INV1021,SUP44,2828.68,30,16,0,0,0
INV1022,SUP21,14862.46,55,13,0,0,0
INV1023,SUP16,4869.0,46,7,0,0,0
INV1024,SUP19,3099.85,22,19,0,0,0
INV1025,SUP31,16767.18,38,9,0,0,0
INV1026,SUP36,18919.39,18,20,0,0,0
INV1027,SUP1,18022.3,48,4,0,0,0
INV1028,SUP20,15888.46,41,5,0,0,0
INV1029,SUP36,15160.81,32,18,1,0,0
INV1030,SUP23,8545.13,18,12,0,0,0
INV1031,SUP3,7688.76,59,15,0,0,0
INV1032,SUP29,7999.87,31,18,0,0,0
INV1033,SUP49,6758.85,48,7,0,0,0
INV1034,SUP10,13302.09,18,13,0,0,0
INV1035,SUP42,16229.04,27,13,0,0,0
INV1036,SUP49,19801.24,31,13,0,0,0
INV1037,SUP16,10070.23,49,8,1,0,0
INV1038,SUP17,2341.07,33,16,1,0,0
INV1039,SUP10,12664.6,22,14,0,0,0
INV1040,SUP1,5336.26,59,9,0,0,0
INV1041,SUP47,12001.19,36,12,0,0,0
INV1042,SUP41,14589.91,50,17,0,0,0
INV1043,SUP8,17908.52,25,2,0,0,0
INV1044,SUP36,16181.79,25,18,0,0,0
INV1045,SUP34,10629.14,32,6,1,0,0
INV1046,SUP28,2105.44,21,4,0,0,0
INV1047,SUP49,19950.07,53,12,0,0,0
INV1048,SUP41,18269.33,25,7,0,0,0
INV1049,SUP38,19943.39,21,8,0,0,0
INV1050,SUP39,15091.37,24,15,1,0,0
INV1051,SUP7,6703.95,56,15,1,0,0
INV1052,SUP19,14026.14,55,9,1,0,0
INV1053,SUP19,5246.63,25,2,0,0,0
INV1054,SUP42,14352.0,31,2,0,0,0
INV1055,SUP1,18392.31,32,7,0,0,0
INV1056,SUP20,17494.68,16,4,1,0,0
INV1057,SUP27,13403.65,22,8,0,0,0
INV1058,SUP31,6091.39,40,14,0,0,0
INV1059,SUP46,9639.11,28,2,0,0,0
INV1060,SUP38,15594.1,55,17,0,0,0
INV1061,SUP32,11.9,1,8,0,0,1
INV1062,SUP16,16393.22,50,14,1,0,0
INV1063,SUP46,7222.58,24,14,0,0,0
INV1064,SUP16,10683.11,57,13,0,0,0
INV1065,SUP10,12560.74,56,1,1,0,0
INV1066,SUP37,8906.83,36,6,0,0,0
INV1067,SUP34,19988.73,35,20,0,0,0
INV1068,SUP30,17448.1,36,13,0,0,0
INV1069,SUP9,16484.9,41,8,0,0,0
INV1070,SUP41,16246.12,58,2,1,0,0
INV1071,SUP38,3675.89,38,17,0,0,0
INV1072,SUP35,3772.8,48,18,0,0,0
INV1073,SUP2,11945.13,40,10,0,0,0
INV1074,SUP2,2288.86,29,5,0,0,0
INV1075,SUP14,17722.15,39,17,0,0,0
INV1076,SUP14,16101.08,44,19,0,0,0
INV1077,SUP27,5280.28,54,6,0,0,0
INV1078,SUP8,19272.53,22,13,1,0,0
INV1079,SUP46,11600.33,51,6,1,0,0
INV1080,SUP13,1422.2,58,1,1,0,0
INV1081,SUP39,10400.6,26,7,0,0,0
INV1082,SUP25,11972.86,19,17,1,0,0
INV1083,SUP2,14926.93,53,8,1,0,0
INV1084,SUP14,18288.73,55,6,0,0,0
INV1085,SUP36,15905.46,47,4,1,0,0
INV1086,SUP43,17106.68,29,7,0,0,0
INV1087,SUP18,10003.0,0,16,0,0,1
INV1088,SUP34,8822.6,37,19,0,0,0
INV1089,SUP47,7215.6,58,3,1,0,0
INV1090,SUP35,15876.11,38,11,0,0,0
INV1091,SUP34,5798.86,29,17,1,0,0
INV1092,SUP40,11820.1,16,16,0,0,0
INV1093,SUP38,11.33,1,16,0,0,1
INV1094,SUP36,8348.46,37,16,0,0,0
INV1095,SUP7,1046.44,53,15,0,0,0
INV1096,SUP5,18587.66,47,12,1,0,0
INV1097,SUP41,807.45,60,19,0,0,0
INV1098,SUP47,18783.87,43,16,1,0,0
INV1099,SUP35,18592.03,22,13,0,0,0
INV1100,SUP9,18596.84,38,4,0,0,0
INV1101,SUP45,12606.1,60,8,0,0,0
INV1102,SUP35,28.63,0,3,1,0,1
INV1103,SUP16,9745.47,26,10,0,0,0
INV1104,SUP49,3897.35,30,11,0,0,0
INV1105,SUP46,18571.95,39,20,0,0,0
INV1106,SUP37,2110.67,19,13,0,0,0
INV1107,SUP9,909.39,39,11,0,0,0
INV1108,SUP27,7336.7,40,16,0,0,0
INV1109,SUP7,10184.6,22,15,1,0,0
INV1110,SUP43,3012.04,52,3,0,0,0
INV1111,SUP10,6184.54,22,18,0,0,0
INV1112,SUP8,18419.58,54,13,1,0,0
INV1113,SUP7,19090.21,40,12,0,0,0
INV1114,SUP50,9095.54,15,10,0,0,0
INV1115,SUP26,3394.47,38,13,0,0,0
INV1116,SUP45,1876.09,31,2,1,0,0
INV1117,SUP29,49.77,1,6,1,1,1
INV1118,SUP28,7343.19,24,2,0,0,0
INV1119,SUP5,8019.58,35,6,1,0,0
INV1120,SUP29,8843.09,28,2,0,0,0
INV1121,SUP13,5783.1,15,16,0,0,0
INV1122,SUP3,8072.86,40,16,0,0,0
INV1123,SUP22,17681.16,15,4,1,0,0
INV1124,SUP8,16373.06,47,2,0,0,0
INV1125,SUP31,16456.37,39,13,0,0,0
INV1126,SUP29,1048.05,21,7,1,0,0
INV1127,SUP31,2905.11,48,1,0,0,0
INV1128,SUP24,9143.93,26,2,0,0,0
INV1129,SUP16,3972.16,47,14,0,0,0
INV1130,SUP21,66223.8,0,2,0,0,1
INV1131,SUP44,10511.07,56,8,0,0,0
INV1132,SUP45,15129.07,53,6,0,0,0
INV1133,SUP12,14867.03,19,17,0,0,0
INV1134,SUP22,16324.46,23,2,1,0,0
INV1135,SUP18,9747.05,40,5,1,0,0
INV1136,SUP4,900.93,15,8,0,0,0
INV1137,SUP33,16102.77,24,5,0,0,0
INV1138,SUP1,16764.06,27,1,0,0,0
INV1139,SUP46,10764.06,17,16,0,0,0
INV1140,SUP48,10763.35,35,3,0,0,0
INV1141,SUP4,3666.07,16,11,0,0,0
INV1142,SUP14,4120.11,60,10,1,0,0
INV1143,SUP17,10009.62,0,1,0,0,1
INV1144,SUP48,819.54,19,14,1,0,0
INV1145,SUP45,59148.87,0,7,0,0,1
INV1146,SUP11,7026.11,16,14,0,0,0
INV1147,SUP5,14036.35,26,18,0,0,0
INV1148,SUP44,15815.1,42,10,1,0,0
INV1149,SUP27,3178.51,44,7,0,0,0
INV1150,SUP28,11671.72,25,8,0,0,0
INV1151,SUP14,6963.6,48,15,1,0,0
INV1152,SUP48,14962.34,48,15,1,0,0
INV1153,SUP50,18356.0,34,10,0,0,0
INV1154,SUP47,9995.27,0,2,0,0,1
INV1155,SUP34,14999.47,53,4,0,0,0
INV1156,SUP14,16093.95,26,8,0,0,0
INV1157,SUP18,7971.58,25,16,0,0,0
INV1158,SUP8,1884.93,30,11,0,0,0
INV1159,SUP11,17029.78,49,7,0,0,0
INV1160,SUP36,7737.95,28,9,1,0,0
INV1161,SUP24,12105.99,33,18,1,0,0
INV1162,SUP2,14891.83,33,3,0,0,0
INV1163,SUP41,5606.83,36,17,0,0,0
INV1164,SUP37,14890.43,50,6,1,0,0
INV1165,SUP23,19125.43,36,20,0,0,0
INV1166,SUP7,12078.92,27,10,1,0,0
INV1167,SUP12,6064.0,17,6,0,0,0
INV1168,SUP29,9867.22,25,3,0,0,0
INV1169,SUP40,13472.67,17,2,0,0,0
INV1170,SUP41,5814.96,48,5,1,0,0
INV1171,SUP13,13468.61,55,19,1,0,0
INV1172,SUP41,7042.98,42,10,0,0,0
INV1173,SUP41,6407.67,30,6,0,0,0
INV1174,SUP29,8236.22,39,19,0,0,0
INV1175,SUP18,3123.01,23,18,1,0,0
INV1176,SUP30,10335.55,50,12,0,0,0
INV1177,SUP9,10008.77,1,4,0,0,1
INV1178,SUP42,14118.39,39,10,0,0,0
INV1179,SUP40,9293.25,32,18,1,0,0
INV1180,SUP31,6742.12,36,3,0,0,0
INV1181,SUP1,18798.44,15,12,0,0,0
INV1182,SUP34,15013.5,59,20,0,0,0
INV1183,SUP43,2659.68,28,12,0,0,0
INV1184,SUP5,2505.33,39,3,0,0,0
INV1185,SUP12,81407.87,1,6,0,1,1
INV1186,SUP11,729.46,58,2,0,0,0
INV1187,SUP19,14887.6,52,6,0,0,0
INV1188,SUP9,17203.11,42,5,1,0,0
INV1189,SUP35,3224.41,50,8,0,0,0
INV1190,SUP22,16819.34,26,4,0,0,0
INV1191,SUP23,1489.41,56,8,0,0,0
INV1192,SUP33,7417.66,26,3,1,0,0
INV1193,SUP15,22.52,0,9,0,0,1
INV1194,SUP49,15376.43,43,10,0,0,0
INV1195,SUP13,5602.57,55,20,0,0,0
INV1196,SUP44,9768.17,25,15,0,0,0
INV1197,SUP1,2474.2,42,2,1,0,0
INV1198,SUP50,6817.69,59,11,1,0,0
INV1199,SUP1,16086.07,37,15,0,0,0
INV1200,SUP31,6380.83,52,14,1,0,0
INV1201,SUP14,10647.37,35,13,0,0,0
INV1202,SUP41,16772.96,59,7,0,0,0
INV1203,SUP13,15386.96,16,6,1,0,0
INV1204,SUP2,9905.33,33,15,0,0,0
INV1205,SUP40,12692.74,41,10,0,0,0
INV1206,SUP4,16813.73,20,18,0,0,0
INV1207,SUP46,2375.64,37,10,1,0,0
INV1208,SUP43,13647.68,52,13,0,0,0
INV1209,SUP17,4673.03,26,17,0,0,0
INV1210,SUP30,2209.57,59,16,1,0,0
INV1211,SUP49,10007.67,47,18,1,0,0
INV1212,SUP21,1750.95,45,18,0,0,0
INV1213,SUP34,2968.56,48,11,0,0,0
INV1214,SUP5,12084.37,25,3,0,0,0
INV1215,SUP46,510.21,43,17,0,0,0
INV1216,SUP13,1549.23,44,6,0,0,0
INV1217,SUP7,18923.93,60,9,0,0,0
INV1218,SUP12,6348.83,40,5,1,0,0
INV1219,SUP21,15911.47,28,18,0,0,0
INV1220,SUP10,18913.07,32,9,0,0,0
INV1221,SUP28,8895.84,60,15,1,0,0
INV1222,SUP23,7768.02,15,14,0,0,0
INV1223,SUP7,9385.46,42,6,1,0,0
INV1224,SUP49,7842.13,54,9,0,0,0
INV1225,SUP40,2257.66,45,14,0,0,0
INV1226,SUP15,2796.31,33,6,0,0,0
INV1227,SUP49,18053.51,41,16,1,0,0
INV1228,SUP17,14375.47,54,16,0,0,0
INV1229,SUP43,1314.3,50,2,1,0,0
INV1230,SUP48,13994.92,60,6,0,0,0
INV1231,SUP41,19549.42,19,6,0,0,0
INV1232,SUP22,10189.92,42,12,0,0,0
INV1233,SUP4,15356.69,52,7,1,0,0
INV1234,SUP48,65262.42,0,14,0,0,1
INV1235,SUP46,12431.51,59,13,0,0,0
INV1236,SUP3,8568.3,50,20,1,0,0
INV1237,SUP29,1074.55,26,20,0,0,0
INV1238,SUP6,13886.62,34,5,1,0,0
INV1239,SUP19,14626.61,36,16,0,0,0
INV1240,SUP5,9992.39,1,13,0,0,1
INV1241,SUP13,14658.28,27,7,0,0,0
INV1242,SUP11,19323.69,52,10,1,0,0
INV1243,SUP38,17355.35,29,6,0,0,0
INV1244,SUP49,9929.98,29,11,0,0,0
INV1245,SUP2,10003.19,0,11,0,1,1
INV1246,SUP25,11102.59,52,20,0,0,0
INV1247,SUP33,14617.37,16,11,0,0,0
INV1248,SUP4,2357.94,42,18,0,0,0
INV1249,SUP28,3540.5,18,19,0,0,0
INV1250,SUP22,14478.29,59,14,1,0,0
INV1251,SUP35,19194.71,35,15,0,0,0
INV1252,SUP18,10203.3,30,20,1,0,0
INV1253,SUP42,18800.3,39,3,0,0,0
INV1254,SUP1,5704.43,40,12,0,0,0
INV1255,SUP22,16532.98,54,18,1,0,0
INV1256,SUP47,75431.67,1,7,0,0,1
INV1257,SUP23,14707.22,59,20,1,0,0
INV1258,SUP47,3857.95,19,5,1,0,0
INV1259,SUP13,3041.63,30,3,1,0,0
INV1260,SUP42,9116.37,37,10,0,0,0
INV1261,SUP12,8492.56,56,9,1,0,0
INV1262,SUP24,18252.59,29,11,0,0,0
INV1263,SUP7,7599.02,26,19,0,0,0
INV1264,SUP21,9995.38,1,17,1,1,1
INV1265,SUP25,62037.3,0,19,0,0,1
INV1266,SUP21,2569.23,49,3,0,0,0
INV1267,SUP50,1462.34,26,5,0,0,0
INV1268,SUP33,9596.8,27,12,1,0,0
INV1269,SUP49,11068.54,19,4,1,0,0
INV1270,SUP33,58169.52,0,6,1,0,1
INV1271,SUP48,9399.5,57,6,0,0,0
INV1272,SUP3,6626.22,24,14,0,0,0
INV1273,SUP47,16690.37,56,6,0,0,0
INV1274,SUP17,9585.77,19,9,1,0,0
INV1275,SUP1,17815.16,49,5,1,0,0
INV1276,SUP11,26.96,0,3,0,0,1
INV1277,SUP39,19864.48,17,3,0,0,0
INV1278,SUP44,19592.29,51,2,1,0,0
INV1279,SUP50,7568.42,49,4,0,0,0
INV1280,SUP36,9382.17,21,14,0,0,0
INV1281,SUP48,2162.62,53,10,0,0,0
INV1282,SUP24,13571.56,39,11,0,0,0
INV1283,SUP8,11.65,0,17,1,1,1
INV1284,SUP1,15074.97,35,12,1,0,0
INV1285,SUP22,10956.29,22,11,0,0,0
INV1286,SUP37,15523.04,43,15,1,0,0
INV1287,SUP21,11093.56,32,14,0,0,0
INV1288,SUP21,6963.13,23,19,0,0,0
INV1289,SUP38,16432.66,36,13,1,0,0
INV1290,SUP3,1801.73,50,10,1,0,0
INV1291,SUP25,6137.05,59,16,0,0,0
INV1292,SUP21,12059.15,35,19,0,0,0
INV1293,SUP24,15068.52,44,13,0,0,0
INV1294,SUP9,3572.85,30,7,0,0,0
INV1295,SUP15,10864.51,22,7,0,0,0
INV1296,SUP46,11526.94,40,10,0,0,0
INV1297,SUP30,7333.04,36,7,0,0,0
INV1298,SUP45,9999.95,0,11,0,0,1
INV1299,SUP7,33.59,0,13,1,0,1
INV1300,SUP36,5775.42,21,20,0,0,0
INV1301,SUP6,19835.34,58,8,0,0,0
INV1302,SUP35,14884.19,49,12,0,0,0
INV1303,SUP33,12488.96,29,18,1,0,0
INV1304,SUP16,3001.98,24,8,0,0,0
INV1305,SUP22,13332.76,18,17,1,0,0
INV1306,SUP34,10299.12,24,6,0,0,0
INV1307,SUP13,2677.03,34,15,0,0,0
INV1308,SUP30,17192.32,42,7,1,0,0
INV1309,SUP38,18805.66,17,13,0,0,0
INV1310,SUP38,11323.72,51,14,0,0,0
INV1311,SUP25,18759.25,59,1,0,0,0
INV1312,SUP34,6508.84,24,2,0,0,0
INV1313,SUP5,52192.32,0,1,0,1,1
INV1314,SUP17,18894.43,20,20,0,0,0
INV1315,SUP20,1622.35,35,9,0,0,0
INV1316,SUP20,9821.63,39,19,0,0,0
INV1317,SUP38,18345.98,48,13,0,0,0
INV1318,SUP4,8361.69,39,4,1,0,0
INV1319,SUP42,16179.66,29,7,0,0,0
INV1320,SUP45,10376.9,51,5,0,0,0
INV1321,SUP17,6531.28,42,6,0,0,0
INV1322,SUP1,19642.95,50,5,1,0,0
INV1323,SUP13,1051.01,45,11,0,0,0
INV1324,SUP7,13478.39,60,2,0,0,0
INV1325,SUP11,2081.42,41,10,1,0,0
INV1326,SUP21,16348.0,57,12,0,0,0
INV1327,SUP9,12642.99,15,6,0,0,0
INV1328,SUP27,932.38,35,15,0,0,0
INV1329,SUP34,7558.23,53,16,1,0,0
INV1330,SUP33,2010.76,47,11,0,0,0
INV1331,SUP19,80432.09,0,15,0,0,1
INV1332,SUP1,12272.17,21,13,0,0,0
INV1333,SUP35,19162.02,60,18,0,0,0
INV1334,SUP27,40.56,0,4,0,1,1
INV1335,SUP7,19978.89,22,8,1,0,0
INV1336,SUP23,1675.84,46,5,0,0,0
INV1337,SUP18,1709.99,18,3,0,0,0
INV1338,SUP50,15651.31,15,2,0,0,0
INV1339,SUP9,17250.05,23,16,0,0,0
INV1340,SUP3,9997.76,1,17,0,0,1
INV1341,SUP41,10102.51,28,9,0,0,0
INV1342,SUP3,17855.27,35,8,0,0,0
INV1343,SUP42,19000.39,39,11,0,0,0
INV1344,SUP32,4618.27,40,8,1,0,0
INV1345,SUP38,15557.53,52,12,1,0,0
INV1346,SUP43,17443.29,25,1,0,0,0
INV1347,SUP28,10676.06,27,15,0,0,0
INV1348,SUP31,16111.26,42,4,0,0,0
INV1349,SUP50,2078.4,30,2,0,0,0
INV1350,SUP10,4542.71,18,12,0,0,0
INV1351,SUP25,9749.78,41,8,0,0,0
INV1352,SUP30,6572.48,38,19,0,0,0
INV1353,SUP27,3876.04,24,9,0,0,0
INV1354,SUP7,12839.21,24,3,1,0,0
INV1355,SUP3,14657.1,55,18,1,0,0
INV1356,SUP46,5024.1,41,16,0,0,0
INV1357,SUP4,1658.25,29,11,1,0,0
INV1358,SUP15,18619.72,21,17,0,0,0
INV1359,SUP16,14700.55,32,18,0,0,0
INV1360,SUP17,19010.95,17,20,0,0,0
INV1361,SUP22,10714.23,55,13,0,0,0
INV1362,SUP28,14324.07,15,15,0,0,0
INV1363,SUP37,10047.02,41,11,0,0,0
INV1364,SUP7,12559.02,35,17,0,0,0
INV1365,SUP46,4702.23,51,17,0,0,0
INV1366,SUP44,94059.14,0,3,0,0,1
INV1367,SUP43,10784.77,54,15,0,0,0
INV1368,SUP21,13286.06,25,1,0,0,0
INV1369,SUP7,93485.4,0,9,1,0,1
INV1370,SUP20,10001.49,1,16,0,0,1
INV1371,SUP15,16010.38,26,9,0,0,0
INV1372,SUP27,1871.17,25,7,1,0,0
INV1373,SUP49,7404.54,47,14,0,0,0
INV1374,SUP36,14204.23,51,14,0,0,0
INV1375,SUP12,10447.78,60,5,0,0,0
INV1376,SUP38,11082.02,52,13,1,0,0
INV1377,SUP12,18106.5,41,11,0,0,0
INV1378,SUP21,4141.91,20,8,1,0,0
INV1379,SUP16,1571.26,22,13,0,0,0
INV1380,SUP50,3197.8,18,5,0,0,0
INV1381,SUP5,2417.78,59,14,1,0,0
INV1382,SUP31,15429.72,34,18,0,0,0
INV1383,SUP16,90579.22,1,2,0,0,1
INV1384,SUP8,9007.42,32,16,0,0,0
INV1385,SUP12,12098.44,38,7,0,0,0
INV1386,SUP22,91875.57,0,11,0,1,1
INV1387,SUP39,1858.64,15,14,0,0,0
INV1388,SUP33,16204.99,37,12,0,0,0
INV1389,SUP40,14115.71,22,4,1,0,0
INV1390,SUP20,18748.04,27,1,0,0,0
INV1391,SUP35,10044.03,38,10,0,0,0
INV1392,SUP40,1951.21,20,9,1,0,0
INV1393,SUP44,6973.37,27,3,0,0,0
INV1394,SUP2,8257.47,51,5,0,0,0
INV1395,SUP40,844.81,18,15,0,0,0
INV1396,SUP34,19506.93,48,4,0,0,0
INV1397,SUP14,9010.1,39,15,0,0,0
INV1398,SUP34,34.83,0,5,0,1,1
INV1399,SUP21,12095.64,46,15,0,0,0
INV1400,SUP26,724.8,36,6,0,0,0
INV1401,SUP47,95612.15,1,6,0,0,1
INV1402,SUP17,3547.05,42,7,0,0,0
INV1403,SUP12,1217.17,51,7,0,0,0
INV1404,SUP34,7684.63,26,17,1,0,0
INV1405,SUP21,6220.26,50,13,0,0,0
INV1406,SUP26,14589.14,21,9,0,0,0
INV1407,SUP41,5202.62,38,20,1,0,0
INV1408,SUP23,18350.36,36,1,0,0,0
INV1409,SUP45,12240.51,38,15,1,0,0
INV1410,SUP32,11264.67,28,10,0,0,0
INV1411,SUP8,6884.99,57,4,0,0,0
INV1412,SUP44,18461.23,26,2,0,0,0
INV1413,SUP48,12942.21,25,6,0,0,0
INV1414,SUP11,16983.69,36,15,0,0,0
INV1415,SUP41,6340.42,43,5,0,0,0
INV1416,SUP1,8486.78,38,12,0,0,0
INV1417,SUP32,14868.94,57,15,1,0,0
INV1418,SUP48,13759.52,16,4,0,0,0
INV1419,SUP43,19744.99,46,11,1,0,0
INV1420,SUP1,18963.05,45,14,0,0,0
INV1421,SUP37,12019.94,24,13,0,0,0
INV1422,SUP7,2198.14,37,4,0,0,0
INV1423,SUP38,15376.86,35,5,1,0,0
INV1424,SUP10,18110.25,57,14,1,0,0
INV1425,SUP14,18778.04,55,2,0,0,0
INV1426,SUP9,1917.25,17,2,0,0,0
INV1427,SUP36,1032.1,55,7,1,0,0
INV1428,SUP23,3493.92,34,10,0,0,0
INV1429,SUP42,14317.65,50,2,0,0,0
INV1430,SUP1,16552.76,41,18,0,0,0
INV1431,SUP9,5853.48,15,4,0,0,0
INV1432,SUP16,16448.06,26,13,1,0,0
INV1433,SUP6,41.66,1,18,0,0,1
INV1434,SUP5,3233.63,33,6,0,0,0
INV1435,SUP9,17482.56,35,1,0,0,0
INV1436,SUP33,3983.74,22,12,1,0,0
INV1437,SUP19,1721.73,19,2,0,0,0
INV1438,SUP42,8767.4,44,11,0,0,0
INV1439,SUP10,8038.72,47,14,0,0,0
INV1440,SUP46,16922.77,44,1,0,0,0
INV1441,SUP44,2311.39,50,2,0,0,0
INV1442,SUP8,7300.18,47,11,0,0,0
INV1443,SUP22,10005.21,0,5,1,1,1
INV1444,SUP24,9485.82,16,8,1,0,0
INV1445,SUP49,15.0,1,8,0,0,1
INV1446,SUP5,11208.79,29,18,0,0,0
INV1447,SUP36,15244.98,34,13,1,0,0
INV1448,SUP41,4766.4,28,6,1,0,0
INV1449,SUP4,13012.12,51,10,1,0,0
INV1450,SUP1,2523.63,23,20,0,0,0
INV1451,SUP21,5533.71,19,4,0,0,0
INV1452,SUP9,11932.29,24,16,0,0,0
INV1453,SUP19,10608.5,32,2,1,0,0
INV1454,SUP4,19671.81,48,19,1,0,0
INV1455,SUP24,18233.15,47,6,0,0,0
INV1456,SUP11,11424.68,44,4,0,0,0
INV1457,SUP5,16264.92,59,11,0,0,0
INV1458,SUP12,3407.85,46,13,0,0,0
INV1459,SUP1,9477.4,40,15,0,0,0
INV1460,SUP25,15900.36,25,6,0,0,0
INV1461,SUP18,723.04,19,20,0,0,0
INV1462,SUP29,3000.42,57,17,0,0,0
INV1463,SUP23,13545.75,40,10,1,0,0
INV1464,SUP24,10872.66,22,12,1,0,0
INV1465,SUP29,3306.53,30,14,1,0,0
INV1466,SUP22,4521.96,46,3,0,0,0
INV1467,SUP30,8223.12,57,13,1,0,0
INV1468,SUP38,2758.95,50,19,1,0,0
INV1469,SUP5,2606.72,21,10,0,0,0
INV1470,SUP14,1550.28,47,8,0,0,0
INV1471,SUP47,17562.72,33,20,0,0,0
INV1472,SUP49,86535.67,0,9,0,1,1
INV1473,SUP21,29.74,1,14,0,1,1
INV1474,SUP47,5651.15,28,5,0,0,0
INV1475,SUP31,16575.36,31,19,1,0,0
INV1476,SUP28,17438.56,59,16,0,0,0
INV1477,SUP22,36.85,1,15,0,0,1
INV1478,SUP32,10558.51,27,17,0,0,0
INV1479,SUP27,5390.78,31,12,1,0,0
INV1480,SUP49,15881.96,36,9,0,0,0
INV1481,SUP9,10636.93,42,19,0,0,0
INV1482,SUP18,17471.61,25,3,0,0,0
INV1483,SUP4,7172.18,17,6,0,0,0
INV1484,SUP47,15121.17,59,7,0,0,0
INV1485,SUP41,17304.69,22,4,0,0,0
INV1486,SUP23,8759.09,42,12,0,0,0
INV1487,SUP21,15173.7,43,4,0,0,0
INV1488,SUP41,14059.06,54,9,1,0,0
INV1489,SUP20,4211.82,58,3,0,0,0
INV1490,SUP8,1007.64,29,2,0,0,0
INV1491,SUP25,14656.16,47,19,0,0,0
INV1492,SUP17,13483.22,18,9,0,0,0
INV1493,SUP47,8131.17,16,2,0,0,0
INV1494,SUP32,8313.85,27,14,0,0,0
INV1495,SUP43,15125.29,60,3,0,0,0
INV1496,SUP17,14635.39,20,16,0,0,0
INV1497,SUP34,3900.29,21,11,0,0,0
INV1498,SUP12,6742.17,42,4,0,0,0
INV1499,SUP12,84742.99,1,6,0,0,1
INV1500,SUP31,5948.45,56,5,1,0,0
INV1501,SUP42,6644.75,31,12,0,0,0
INV1502,SUP9,8544.03,26,16,1,0,0
INV1503,SUP37,13307.64,21,9,0,0,0
INV1504,SUP8,2253.67,35,14,0,0,0
INV1505,SUP49,17160.18,29,19,0,0,0
INV1506,SUP41,989.14,56,14,0,0,0
INV1507,SUP34,10880.64,38,10,0,0,0
INV1508,SUP17,2200.6,58,10,0,0,0
INV1509,SUP29,2766.74,57,17,0,0,0
INV1510,SUP47,10533.53,26,3,0,0,0
INV1511,SUP9,15781.36,31,20,0,0,0
INV1512,SUP11,10253.79,44,16,0,0,0
INV1513,SUP47,2254.98,26,11,1,0,0
INV1514,SUP28,8.53,0,1,1,0,1
INV1515,SUP35,8466.32,32,1,0,0,0
INV1516,SUP44,45.3,1,17,1,1,1
INV1517,SUP27,18271.41,49,2,0,0,0
INV1518,SUP10,14846.07,19,5,0,0,0
INV1519,SUP42,15192.17,17,4,0,0,0
INV1520,SUP35,19401.51,42,3,1,0,0
INV1521,SUP16,10348.33,19,13,0,0,0
INV1522,SUP18,16440.52,57,5,0,0,0
INV1523,SUP3,7380.38,55,4,0,0,0
INV1524,SUP12,11224.92,37,13,0,0,0
INV1525,SUP26,12766.18,48,20,1,0,0
INV1526,SUP42,799.6,23,17,1,0,0
INV1527,SUP35,25.83,1,8,1,0,1
INV1528,SUP37,14571.81,17,8,0,0,0
INV1529,SUP39,13821.66,34,4,0,0,0
INV1530,SUP17,17694.6,52,13,0,0,0
INV1531,SUP44,15087.21,48,12,0,0,0
INV1532,SUP16,6844.39,55,10,0,0,0
INV1533,SUP1,15177.32,22,16,0,0,0
INV1534,SUP11,14842.37,49,5,0,0,0
INV1535,SUP50,13259.6,41,2,0,0,0
INV1536,SUP44,9459.17,21,20,1,0,0
INV1537,SUP41,2750.37,33,3,0,0,0
INV1538,SUP41,18627.86,15,12,0,0,0
INV1539,SUP22,10033.6,45,6,0,0,0
INV1540,SUP24,706.79,53,12,0,0,0
INV1541,SUP36,3113.27,50,18,0,0,0
INV1542,SUP4,13384.59,47,5,1,0,0
INV1543,SUP21,3246.62,22,2,0,0,0
INV1544,SUP49,10013.26,58,9,0,0,0
INV1545,SUP5,16198.5,58,14,1,0,0
INV1546,SUP23,10765.48,36,14,0,0,0
INV1547,SUP30,6493.07,41,7,0,0,0
INV1548,SUP38,4354.53,21,11,0,0,0
INV1549,SUP13,14984.81,48,19,1,0,0
INV1550,SUP46,19909.81,15,6,1,0,0
INV1551,SUP50,10001.28,1,3,0,0,1
INV1552,SUP31,15880.31,28,7,1,0,0
INV1553,SUP42,19398.68,52,11,0,0,0
INV1554,SUP11,18723.7,36,15,1,0,0
INV1555,SUP49,5556.32,54,4,0,0,0
INV1556,SUP3,14984.75,29,3,0,0,0
INV1557,SUP12,13865.33,54,20,0,0,0
INV1558,SUP27,16720.74,43,2,1,0,0
INV1559,SUP21,2333.33,27,11,0,0,0
INV1560,SUP30,5722.03,54,12,0,0,0
INV1561,SUP47,18578.18,38,16,1,0,0
INV1562,SUP22,10796.99,17,16,1,0,0
INV1563,SUP41,16512.61,58,19,1,0,0
INV1564,SUP33,4629.54,22,13,1,0,0
INV1565,SUP37,27.32,0,2,0,0,1
INV1566,SUP29,7848.0,24,14,0,0,0
INV1567,SUP12,3595.44,18,1,1,0,0
INV1568,SUP7,1728.66,35,2,0,0,0
INV1569,SUP50,3077.69,19,4,1,0,0
INV1570,SUP14,8307.31,19,9,1,0,0
INV1571,SUP4,15286.12,38,12,0,0,0
INV1572,SUP27,14369.34,56,16,0,0,0
INV1573,SUP2,9383.01,22,12,0,0,0
INV1574,SUP2,2873.08,59,4,0,0,0
INV1575,SUP3,15738.33,20,1,0,0,0
INV1576,SUP16,1623.98,18,11,0,0,0
INV1577,SUP40,16737.45,35,15,0,0,0
INV1578,SUP16,986.7,47,17,0,0,0
INV1579,SUP44,9378.86,49,17,0,0,0
INV1580,SUP33,5332.07,45,10,0,0,0
INV1581,SUP25,19134.82,56,13,0,0,0
INV1582,SUP16,13493.35,28,18,1,0,0
INV1583,SUP33,3663.1,53,19,1,0,0
INV1584,SUP31,4041.25,35,5,1,0,0
INV1585,SUP7,28.7,1,11,0,0,1
INV1586,SUP41,11066.88,43,13,0,0,0
INV1587,SUP40,13584.82,15,11,0,0,0
INV1588,SUP15,7114.38,42,20,0,0,0
INV1589,SUP48,1449.63,23,4,0,0,0
INV1590,SUP44,13548.25,36,3,0,0,0
INV1591,SUP27,13226.7,15,2,1,0,0
INV1592,SUP11,7524.45,37,2,0,0,0
INV1593,SUP21,7173.11,44,1,0,0,0
INV1594,SUP24,3854.62,48,14,1,0,0
INV1595,SUP1,17161.85,38,8,1,0,0
INV1596,SUP9,19909.93,48,8,0,0,0
INV1597,SUP9,18037.25,58,11,0,0,0
INV1598,SUP9,6035.22,29,9,0,0,0
INV1599,SUP3,4206.92,26,6,0,0,0
INV1600,SUP39,10000.7,0,8,0,1,1
INV1601,SUP2,9995.36,0,18,1,1,1
INV1602,SUP6,14671.52,30,7,0,0,0
INV1603,SUP13,2678.86,21,14,0,0,0
INV1604,SUP10,15688.3,15,13,0,0,0
INV1605,SUP8,9857.83,56,1,0,0,0
INV1606,SUP26,6796.58,25,16,0,0,0
INV1607,SUP21,1934.4,23,8,0,0,0
INV1608,SUP23,1.17,0,3,1,1,1
INV1609,SUP32,6411.16,60,8,1,0,0
INV1610,SUP2,8795.84,55,20,0,0,0
INV1611,SUP42,10053.83,57,15,0,0,0
INV1612,SUP47,2616.26,51,2,0,0,0
INV1613,SUP12,16652.59,19,4,0,0,0
INV1614,SUP48,17673.06,50,17,0,0,0
INV1615,SUP13,5141.58,31,2,0,0,0
INV1616,SUP21,8909.35,50,18,0,0,0
INV1617,SUP38,18290.96,38,9,1,0,0
INV1618,SUP19,13560.26,42,18,0,0,0
INV1619,SUP16,15805.09,42,20,1,0,0
INV1620,SUP10,11961.0,51,10,0,0,0
INV1621,SUP33,4531.7,20,10,0,0,0
INV1622,SUP45,13429.03,53,9,1,0,0
INV1623,SUP37,19473.07,26,9,0,0,0
INV1624,SUP24,10001.58,1,15,0,1,1
INV1625,SUP8,7963.09,43,10,0,0,0
INV1626,SUP48,7726.64,48,15,1,0,0
INV1627,SUP19,9955.7,47,5,0,0,0
INV1628,SUP32,8656.64,16,7,0,0,0
INV1629,SUP1,15528.43,28,16,0,0,0
INV1630,SUP29,17729.19,19,19,0,0,0
INV1631,SUP1,16578.31,37,19,1,0,0
INV1632,SUP1,7891.39,40,8,0,0,0
INV1633,SUP48,1518.92,57,18,0,0,0
INV1634,SUP48,9364.6,52,12,0,0,0
INV1635,SUP48,19623.81,24,20,1,0,0
INV1636,SUP36,13607.24,16,8,1,0,0
INV1637,SUP17,7118.99,54,2,0,0,0
INV1638,SUP7,1791.9,58,6,0,0,0
INV1639,SUP39,14427.08,41,17,0,0,0
INV1640,SUP33,9990.98,0,10,1,0,1
INV1641,SUP2,9694.66,31,15,0,0,0
INV1642,SUP50,18649.62,26,6,0,0,0
INV1643,SUP47,5106.59,50,11,0,0,0
INV1644,SUP24,19510.8,21,12,0,0,0
INV1645,SUP22,6352.83,45,12,0,0,0
INV1646,SUP18,4531.03,38,14,1,0,0
INV1647,SUP43,5506.09,44,19,1,0,0
INV1648,SUP4,8248.02,57,14,0,0,0
INV1649,SUP24,13849.58,45,10,0,0,0
INV1650,SUP3,7165.96,24,15,0,0,0
INV1651,SUP33,14313.3,26,2,0,0,0
INV1652,SUP8,19324.58,46,18,0,0,0
INV1653,SUP23,13788.51,27,14,0,0,0
INV1654,SUP16,1093.94,59,5,1,0,0
INV1655,SUP10,9930.47,24,10,0,0,0
INV1656,SUP12,70042.47,1,2,1,0,1
INV1657,SUP23,812.02,51,7,0,0,0
INV1658,SUP50,18545.56,15,13,0,0,0
INV1659,SUP25,11464.7,57,1,1,0,0
INV1660,SUP10,2267.31,17,1,0,0,0
INV1661,SUP47,712.6,58,6,0,0,0
INV1662,SUP30,10502.79,41,16,0,0,0
INV1663,SUP45,14227.42,44,3,1,0,0
INV1664,SUP12,4243.06,20,18,1,0,0
INV1665,SUP21,8421.43,32,18,0,0,0
INV1666,SUP16,6059.5,51,1,0,0,0
INV1667,SUP28,556.69,15,6,1,0,0
INV1668,SUP7,10323.95,44,8,0,0,0
INV1669,SUP40,1024.71,31,18,0,0,0
INV1670,SUP30,19056.77,59,12,0,0,0
INV1671,SUP26,1117.42,20,11,0,0,0
INV1672,SUP26,14067.54,60,1,0,0,0
INV1673,SUP14,9014.93,57,6,0,0,0
INV1674,SUP27,586.33,43,14,0,0,0
INV1675,SUP16,12500.97,55,18,1,0,0
INV1676,SUP12,14915.03,32,12,0,0,0
INV1677,SUP6,35.77,0,1,0,0,1
INV1678,SUP39,1852.88,16,11,0,0,0
INV1679,SUP45,17952.36,40,20,0,0,0
INV1680,SUP17,2859.16,22,14,0,0,0
INV1681,SUP4,15982.55,45,17,0,0,0
INV1682,SUP46,4197.71,54,19,0,0,0
INV1683,SUP39,13079.11,41,6,1,0,0
INV1684,SUP8,2072.28,39,17,0,0,0
INV1685,SUP11,2109.23,36,9,1,0,0
INV1686,SUP12,7749.22,59,2,0,0,0
INV1687,SUP37,6153.08,22,17,0,0,0
INV1688,SUP5,19870.68,34,5,0,0,0
INV1689,SUP9,3372.73,25,12,0,0,0
INV1690,SUP19,14293.66,38,11,0,0,0
INV1691,SUP26,4967.79,56,19,0,0,0
INV1692,SUP19,10009.53,0,11,1,0,1
INV1693,SUP30,12748.17,44,1,0,0,0
INV1694,SUP17,9241.12,58,15,0,0,0
INV1695,SUP46,17466.93,58,3,0,0,0
INV1696,SUP45,3030.9,41,10,1,0,0
INV1697,SUP6,3552.58,56,1,0,0,0
INV1698,SUP20,15232.11,19,13,1,0,0
INV1699,SUP26,16030.83,38,17,0,0,0
INV1700,SUP33,19351.23,44,14,1,0,0
INV1701,SUP50,1450.14,42,4,0,0,0
INV1702,SUP23,6747.51,51,14,0,0,0
INV1703,SUP45,6936.88,15,18,0,0,0
INV1704,SUP32,12279.79,34,18,0,0,0
INV1705,SUP8,15452.69,38,16,1,0,0
INV1706,SUP26,13383.84,17,7,1,0,0
INV1707,SUP42,19683.22,24,14,0,0,0
INV1708,SUP49,5481.37,25,9,1,0,0
INV1709,SUP50,9164.23,17,7,1,0,0
INV1710,SUP44,2858.81,35,11,1,0,0
INV1711,SUP23,19791.9,22,3,0,0,0
INV1712,SUP49,13707.75,29,17,1,0,0
INV1713,SUP17,7741.01,50,6,1,0,0
INV1714,SUP3,11361.23,55,12,1,0,0
INV1715,SUP3,13720.77,55,10,1,0,0
INV1716,SUP40,1506.97,51,3,0,0,0
INV1717,SUP6,14462.15,33,7,1,0,0
INV1718,SUP10,19161.95,23,19,0,0,0
INV1719,SUP44,14919.3,36,15,0,0,0
INV1720,SUP28,4508.06,21,13,0,0,0
INV1721,SUP6,6201.75,16,16,0,0,0
INV1722,SUP4,9676.99,16,11,1,0,0
INV1723,SUP17,18211.03,47,3,1,0,0
INV1724,SUP7,18787.6,41,5,0,0,0
INV1725,SUP18,17313.34,41,5,0,0,0
INV1726,SUP36,17351.61,47,17,0,0,0
INV1727,SUP1,14318.9,26,17,0,0,0
INV1728,SUP11,6336.64,19,6,0,0,0
INV1729,SUP6,5342.39,45,4,0,0,0
INV1730,SUP21,14054.56,45,14,0,0,0
INV1731,SUP31,13219.59,17,19,1,0,0
INV1732,SUP15,9999.26,0,13,0,1,1
INV1733,SUP32,7969.0,35,14,0,0,0
INV1734,SUP21,14986.6,34,18,0,0,0
INV1735,SUP13,3163.3,40,12,0,0,0
INV1736,SUP14,3952.63,50,14,0,0,0
INV1737,SUP17,4545.72,18,17,0,0,0
INV1738,SUP16,11716.93,47,2,1,0,0
INV1739,SUP4,7390.51,15,20,0,0,0
INV1740,SUP43,7511.41,19,14,1,0,0
INV1741,SUP12,44.06,0,6,1,0,1
INV1742,SUP39,5254.33,27,11,1,0,0
INV1743,SUP40,10877.34,32,10,0,0,0
INV1744,SUP40,3123.04,24,3,0,0,0
INV1745,SUP50,9651.19,17,13,0,0,0
INV1746,SUP25,1473.99,17,7,0,0,0
INV1747,SUP35,4139.12,24,3,1,0,0
INV1748,SUP37,10682.18,30,1,1,0,0
INV1749,SUP36,11109.35,54,1,0,0,0
INV1750,SUP37,4314.73,37,12,0,0,0
INV1751,SUP6,14532.42,27,9,1,0,0
INV1752,SUP49,17825.27,26,2,0,0,0
INV1753,SUP2,4389.03,16,13,0,0,0
INV1754,SUP2,10975.16,25,17,1,0,0
INV1755,SUP24,5922.23,38,3,0,0,0
INV1756,SUP6,16013.27,59,15,0,0,0
INV1757,SUP17,11136.95,24,5,0,0,0
INV1758,SUP26,9992.42,1,6,1,0,1
INV1759,SUP41,15198.47,15,17,1,0,0
INV1760,SUP12,8518.15,45,20,0,0,0
INV1761,SUP45,4821.22,43,6,0,0,0
INV1762,SUP48,19652.86,51,14,0,0,0
INV1763,SUP25,13533.22,56,13,0,0,0
INV1764,SUP7,5902.69,24,13,0,0,0
INV1765,SUP39,5270.96,22,18,0,0,0
INV1766,SUP19,12361.37,31,7,0,0,0
INV1767,SUP11,5638.63,55,17,1,0,0
INV1768,SUP18,10206.17,21,5,0,0,0
INV1769,SUP49,3794.65,48,20,0,0,0
INV1770,SUP12,6542.14,35,7,0,0,0
INV1771,SUP29,3997.11,48,12,1,0,0
INV1772,SUP24,9451.32,17,11,0,0,0
INV1773,SUP16,5194.22,48,8,0,0,0
INV1774,SUP44,14496.23,37,19,0,0,0
INV1775,SUP5,8815.3,54,11,1,0,0
INV1776,SUP14,11963.34,46,4,0,0,0
INV1777,SUP40,4683.41,19,19,0,0,0
INV1778,SUP41,7951.44,53,10,1,0,0
INV1779,SUP21,19880.56,49,4,0,0,0
INV1780,SUP32,31.96,1,6,1,0,1
INV1781,SUP45,19158.65,47,16,0,0,0
INV1782,SUP7,47.59,0,5,1,0,1
INV1783,SUP9,18892.37,33,11,0,0,0
INV1784,SUP22,9315.81,46,19,1,0,0
INV1785,SUP12,16080.82,32,1,0,0,0
INV1786,SUP13,7809.68,30,1,0,0,0
INV1787,SUP22,14001.23,54,18,0,0,0
INV1788,SUP23,12416.72,59,8,0,0,0
INV1789,SUP12,62762.78,1,13,0,0,1
INV1790,SUP42,12304.08,45,16,0,0,0
INV1791,SUP29,15907.36,21,2,0,0,0
INV1792,SUP46,13233.27,38,19,0,0,0
INV1793,SUP24,6970.8,27,2,0,0,0
INV1794,SUP23,11537.28,41,14,0,0,0
INV1795,SUP27,16212.44,37,14,1,0,0
INV1796,SUP3,15088.29,16,4,0,0,0
INV1797,SUP14,14052.84,28,12,0,0,0
INV1798,SUP44,13579.0,32,18,0,0,0
INV1799,SUP50,18631.26,57,7,0,0,0
INV1800,SUP30,11103.68,54,2,0,0,0
INV1801,SUP18,14680.85,37,8,1,0,0
INV1802,SUP45,3610.18,17,10,1,0,0
INV1803,SUP49,17875.82,56,11,0,0,0
INV1804,SUP37,10196.57,31,18,0,0,0
INV1805,SUP10,1101.37,59,15,0,0,0
INV1806,SUP11,45.51,0,13,0,1,1
INV1807,SUP20,2418.23,46,6,0,0,0
INV1808,SUP18,3085.57,57,19,0,0,0
INV1809,SUP48,6993.36,41,3,1,0,0
INV1810,SUP30,18162.76,40,3,0,0,0
INV1811,SUP18,19090.2,60,17,0,0,0
INV1812,SUP32,17703.02,60,8,0,0,0
INV1813,SUP8,1209.61,46,7,1,0,0
INV1814,SUP44,8929.14,15,14,1,0,0
INV1815,SUP16,1463.56,33,15,1,0,0
INV1816,SUP12,5103.28,19,7,0,0,0
INV1817,SUP10,13827.7,50,14,0,0,0
INV1818,SUP11,6634.21,27,15,0,0,0
INV1819,SUP5,13514.69,23,18,0,0,0
INV1820,SUP47,15990.19,54,11,0,0,0
INV1821,SUP27,18855.71,58,20,0,0,0
INV1822,SUP32,12146.47,44,13,1,0,0
INV1823,SUP14,14944.6,42,13,1,0,0
INV1824,SUP43,7437.82,60,11,0,0,0
INV1825,SUP34,18563.26,38,3,0,0,0
INV1826,SUP29,15108.35,43,18,0,0,0
INV1827,SUP36,8403.99,22,4,1,0,0
INV1828,SUP4,15414.56,58,7,1,0,0
INV1829,SUP38,87248.71,0,19,0,1,1
INV1830,SUP41,1319.92,31,11,0,0,0
INV1831,SUP1,10716.22,19,15,0,0,0
INV1832,SUP16,7668.14,47,6,0,0,0
INV1833,SUP24,2829.32,46,3,1,0,0
INV1834,SUP47,4328.64,30,10,1,0,0
INV1835,SUP33,19016.77,20,16,0,0,0
INV1836,SUP47,6745.95,17,13,0,0,0
INV1837,SUP17,18115.74,57,10,0,0,0
INV1838,SUP37,10645.39,33,3,0,0,0
INV1839,SUP50,15351.6,32,4,0,0,0
INV1840,SUP23,7832.81,18,15,0,0,0
INV1841,SUP1,17355.58,28,9,1,0,0
INV1842,SUP24,8971.09,26,14,0,0,0
INV1843,SUP6,10973.3,44,3,0,0,0
INV1844,SUP47,1512.61,17,1,0,0,0
INV1845,SUP46,5990.83,50,9,1,0,0
INV1846,SUP46,8897.1,45,4,0,0,0
INV1847,SUP7,10934.41,37,9,0,0,0
INV1848,SUP6,6.83,1,10,0,1,1
INV1849,SUP40,2336.6,51,19,1,0,0
INV1850,SUP39,8290.38,24,3,0,0,0
INV1851,SUP44,3477.35,39,18,0,0,0
INV1852,SUP6,8647.61,43,12,0,0,0
INV1853,SUP30,17495.23,31,8,1,0,0
INV1854,SUP48,18952.24,26,10,0,0,0
INV1855,SUP32,6792.94,52,2,1,0,0
INV1856,SUP19,10464.27,50,3,1,0,0
INV1857,SUP21,37.05,0,10,0,1,1
INV1858,SUP2,15062.04,50,17,0,0,0
INV1859,SUP17,10856.83,50,2,0,0,0
INV1860,SUP23,17834.29,21,10,0,0,0
INV1861,SUP47,920.23,22,2,0,0,0
INV1862,SUP18,3994.13,45,12,1,0,0
INV1863,SUP42,19262.51,25,3,0,0,0
INV1864,SUP45,54907.56,1,10,0,0,1
INV1865,SUP49,10798.65,46,3,1,0,0
INV1866,SUP4,9577.81,56,4,0,0,0
INV1867,SUP44,6315.59,55,12,0,0,0
INV1868,SUP24,17486.56,34,3,0,0,0
INV1869,SUP4,5995.0,60,11,0,0,0
INV1870,SUP16,5650.51,47,19,0,0,0
INV1871,SUP6,12551.69,53,18,0,0,0
INV1872,SUP48,14612.97,26,16,1,0,0
INV1873,SUP25,17557.23,22,12,0,0,0
INV1874,SUP49,1444.11,38,3,0,0,0
INV1875,SUP7,12687.61,50,20,0,0,0
INV1876,SUP31,10663.63,24,3,1,0,0
INV1877,SUP49,9995.81,1,3,0,0,1
INV1878,SUP43,3213.77,19,20,0,0,0
INV1879,SUP28,67219.94,0,17,1,1,1
INV1880,SUP34,15820.3,31,20,0,0,0
INV1881,SUP47,8804.11,58,10,0,0,0
INV1882,SUP40,16672.58,42,6,0,0,0
INV1883,SUP6,75239.28,0,14,1,0,1
INV1884,SUP35,17464.15,24,5,0,0,0
INV1885,SUP28,15428.33,57,12,1,0,0
INV1886,SUP29,992.76,54,6,0,0,0
INV1887,SUP26,7344.02,20,20,1,0,0
INV1888,SUP9,4781.18,34,3,1,0,0
INV1889,SUP21,3377.35,51,9,0,0,0
INV1890,SUP25,64630.47,0,11,0,0,1
INV1891,SUP10,12690.6,18,8,1,0,0
INV1892,SUP13,14317.03,60,13,0,0,0
INV1893,SUP5,9989.01,52,2,0,0,0
INV1894,SUP12,15620.79,50,11,0,0,0
INV1895,SUP1,15194.07,38,9,0,0,0
INV1896,SUP1,12648.61,45,9,1,0,0
INV1897,SUP44,5908.79,51,3,0,0,0
INV1898,SUP48,6342.07,20,15,1,0,0
INV1899,SUP13,10715.96,47,11,0,0,0
INV1900,SUP38,19089.92,47,6,1,0,0
INV1901,SUP2,11407.34,22,12,0,0,0
INV1902,SUP45,2153.85,18,6,1,0,0
INV1903,SUP2,17742.67,59,18,0,0,0
INV1904,SUP23,18336.7,39,11,0,0,0
INV1905,SUP5,2318.89,28,15,0,0,0
INV1906,SUP17,2866.03,37,17,0,0,0
INV1907,SUP44,11787.17,47,11,1,0,0
INV1908,SUP7,14537.13,30,2,0,0,0
INV1909,SUP47,3013.05,27,13,0,0,0
INV1910,SUP16,1457.73,21,19,0,0,0
INV1911,SUP46,6579.02,60,3,0,0,0
INV1912,SUP42,19588.43,50,8,1,0,0
INV1913,SUP1,14287.81,23,13,1,0,0
INV1914,SUP29,540.97,39,8,0,0,0
INV1915,SUP7,3756.2,59,11,1,0,0
INV1916,SUP3,13841.48,20,14,0,0,0
INV1917,SUP20,16862.82,18,11,0,0,0
INV1918,SUP1,6224.84,40,2,1,0,0
INV1919,SUP45,27.92,0,2,1,0,1
INV1920,SUP2,6502.87,41,13,0,0,0
INV1921,SUP23,618.5,23,18,0,0,0
INV1922,SUP41,14088.61,22,12,0,0,0
INV1923,SUP2,19965.33,38,4,0,0,0
INV1924,SUP46,3451.55,42,15,1,0,0
INV1925,SUP19,18745.73,20,3,0,0,0
INV1926,SUP22,56583.51,0,3,1,0,1
INV1927,SUP33,10163.53,25,8,0,0,0
INV1928,SUP27,19742.48,49,17,0,0,0
INV1929,SUP27,5052.54,36,2,1,0,0
INV1930,SUP37,16136.2,57,5,0,0,0
INV1931,SUP34,14866.67,50,17,0,0,0
INV1932,SUP36,10668.62,58,11,0,0,0
INV1933,SUP30,5709.16,25,4,0,0,0
INV1934,SUP36,10790.2,43,2,0,0,0
INV1935,SUP44,780.95,37,9,1,0,0
INV1936,SUP19,11815.5,16,10,0,0,0
INV1937,SUP43,9679.01,60,15,0,0,0
INV1938,SUP6,9073.77,25,18,0,0,0
INV1939,SUP44,15798.86,18,8,0,0,0
INV1940,SUP41,10564.52,31,3,0,0,0
INV1941,SUP21,23.13,0,17,0,0,1
INV1942,SUP48,10228.19,46,17,0,0,0
INV1943,SUP8,7690.55,32,1,1,0,0
INV1944,SUP18,12580.68,37,19,0,0,0
INV1945,SUP4,11717.01,54,3,1,0,0
INV1946,SUP34,14977.53,59,18,0,0,0
INV1947,SUP45,17984.26,17,3,0,0,0
INV1948,SUP13,12046.06,53,4,0,0,0
INV1949,SUP39,4328.57,19,9,0,0,0
INV1950,SUP43,9793.63,21,8,0,0,0
INV1951,SUP36,5956.95,60,9,1,0,0
INV1952,SUP44,10389.2,17,19,1,0,0
INV1953,SUP2,4579.14,48,14,0,0,0
INV1954,SUP13,15562.38,23,6,0,0,0
INV1955,SUP16,4453.05,41,7,0,0,0
INV1956,SUP45,8869.47,22,20,0,0,0
INV1957,SUP9,15177.7,37,14,0,0,0
INV1958,SUP37,13413.81,53,12,0,0,0
INV1959,SUP47,12336.3,44,6,1,0,0
INV1960,SUP40,753.22,30,18,0,0,0
INV1961,SUP8,10002.11,1,16,0,1,1
INV1962,SUP23,11342.48,41,7,0,0,0
INV1963,SUP27,12776.7,35,4,0,0,0
INV1964,SUP15,1978.13,38,3,1,0,0
INV1965,SUP4,19070.46,46,12,0,0,0
INV1966,SUP7,10844.05,45,3,1,0,0
INV1967,SUP35,5683.07,17,19,1,0,0
INV1968,SUP44,15915.43,55,2,0,0,0
INV1969,SUP22,1199.27,56,15,0,0,0
INV1970,SUP5,17212.77,35,7,0,0,0
INV1971,SUP12,14622.12,26,5,0,0,0
INV1972,SUP13,18626.56,35,2,0,0,0
INV1973,SUP36,8732.61,57,5,0,0,0
INV1974,SUP28,2436.61,20,12,0,0,0
INV1975,SUP50,12611.44,56,7,0,0,0
INV1976,SUP38,2291.64,44,14,0,0,0
INV1977,SUP6,3647.54,47,14,0,0,0
INV1978,SUP11,3864.77,50,2,1,0,0
INV1979,SUP44,9350.29,35,20,0,0,0
INV1980,SUP25,19858.38,23,11,1,0,0
INV1981,SUP10,15914.2,24,6,0,0,0
INV1982,SUP19,34.78,1,13,0,1,1
INV1983,SUP12,11535.32,49,6,0,0,0
INV1984,SUP8,11844.04,15,9,0,0,0
INV1985,SUP2,11692.56,58,10,0,0,0
INV1986,SUP42,14365.35,57,14,0,0,0
INV1987,SUP9,21.36,1,13,1,0,1
INV1988,SUP43,12557.4,17,9,0,0,0
INV1989,SUP5,1010.88,28,7,1,0,0
INV1990,SUP12,14399.4,53,14,0,0,0
INV1991,SUP1,11178.87,54,10,0,0,0
INV1992,SUP24,2883.84,51,12,0,0,0
INV1993,SUP20,7702.56,41,11,0,0,0
INV1994,SUP28,11078.54,21,20,0,0,0
INV1995,SUP40,2123.25,22,3,1,0,0
INV1996,SUP2,2901.06,56,20,0,0,0
INV1997,SUP36,15741.72,45,4,1,0,0
INV1998,SUP49,12983.69,20,5,0,0,0
INV1999,SUP11,16343.43,18,5,0,0,0
INV2000,SUP31,8527.09,34,15,0,0,0
INV2001,SUP20,3372.44,53,4,1,0,0
INV2002,SUP33,9286.91,33,12,0,0,0
INV2003,SUP20,6765.19,33,3,0,0,0
INV2004,SUP11,9459.42,56,20,0,0,0
INV2005,SUP42,2931.33,41,18,1,0,0
INV2006,SUP37,83972.04,1,14,0,0,1
INV2007,SUP10,15477.56,30,13,0,0,0
INV2008,SUP10,2348.72,41,17,0,0,0
INV2009,SUP49,15554.94,41,1,0,0,0
INV2010,SUP8,6711.69,20,7,0,0,0
INV2011,SUP10,13809.2,15,4,0,0,0
INV2012,SUP41,13192.33,46,10,1,0,0
INV2013,SUP34,9107.87,44,1,0,0,0
INV2014,SUP10,5883.29,52,19,0,0,0
INV2015,SUP5,5432.19,44,2,0,0,0
INV2016,SUP34,8426.4,15,15,0,0,0
INV2017,SUP49,2.45,1,8,0,0,1
INV2018,SUP15,2776.99,55,13,0,0,0
INV2019,SUP42,9872.13,36,11,0,0,0
INV2020,SUP24,11803.42,57,19,0,0,0
INV2021,SUP29,10936.0,48,9,0,0,0
INV2022,SUP4,1633.94,30,7,1,0,0
INV2023,SUP11,19172.46,30,19,0,0,0
INV2024,SUP8,19255.35,16,19,0,0,0
INV2025,SUP13,12336.74,53,15,0,0,0
INV2026,SUP11,4532.59,36,15,0,0,0
INV2027,SUP23,14045.54,54,10,1,0,0
INV2028,SUP46,12850.71,28,8,0,0,0
INV2029,SUP43,6681.79,26,16,0,0,0
INV2030,SUP33,3616.52,51,3,0,0,0
INV2031,SUP19,16962.12,41,10,1,0,0
INV2032,SUP37,16807.15,59,2,0,0,0
INV2033,SUP43,73636.58,1,11,1,0,1
INV2034,SUP37,5253.42,57,16,0,0,0
INV2035,SUP47,2927.25,42,19,1,0,0
INV2036,SUP15,3495.19,20,5,0,0,0
INV2037,SUP10,12236.34,49,11,0,0,0
INV2038,SUP11,17140.65,38,17,1,0,0
INV2039,SUP48,11173.55,38,6,1,0,0
INV2040,SUP16,2953.17,54,18,0,0,0
INV2041,SUP42,4442.94,20,13,0,0,0
INV2042,SUP44,9993.91,0,15,0,0,1
INV2043,SUP30,18337.07,38,1,0,0,0
INV2044,SUP29,3167.77,16,10,0,0,0
INV2045,SUP44,4899.14,26,14,0,0,0
INV2046,SUP34,2070.1,30,9,0,0,0
INV2047,SUP3,19052.84,22,18,0,0,0
INV2048,SUP41,9371.39,54,5,0,0,0
INV2049,SUP17,13037.25,53,15,0,0,0
INV2050,SUP38,5130.82,58,15,0,0,0
INV2051,SUP19,86055.58,1,6,0,1,1
INV2052,SUP49,1953.05,31,10,1,0,0
INV2053,SUP36,3395.96,41,13,0,0,0
INV2054,SUP16,16473.56,33,13,0,0,0
INV2055,SUP39,17757.87,49,6,1,0,0
INV2056,SUP46,12775.02,34,15,0,0,0
INV2057,SUP20,720.13,28,3,0,0,0
INV2058,SUP25,9997.32,0,19,0,1,1
INV2059,SUP40,4397.24,27,8,0,0,0
INV2060,SUP17,714.21,29,12,0,0,0
INV2061,SUP3,1377.75,22,19,0,0,0
INV2062,SUP45,9620.51,18,16,0,0,0
INV2063,SUP12,5623.93,31,20,0,0,0
INV2064,SUP14,13546.65,54,5,1,0,0
INV2065,SUP32,14282.36,56,13,0,0,0
INV2066,SUP25,4864.23,23,15,0,0,0
INV2067,SUP46,881.83,60,1,0,0,0
INV2068,SUP50,16137.01,52,9,0,0,0
INV2069,SUP19,4207.7,17,10,0,0,0
INV2070,SUP20,13375.38,40,3,1,0,0
INV2071,SUP31,11311.16,17,7,1,0,0
INV2072,SUP33,8406.62,19,18,0,0,0
INV2073,SUP15,10121.84,39,13,0,0,0
INV2074,SUP19,17768.16,38,8,1,0,0
INV2075,SUP40,3298.53,18,12,0,0,0
INV2076,SUP20,15441.45,22,17,0,0,0
INV2077,SUP45,14972.62,52,11,0,0,0
INV2078,SUP39,3947.51,24,13,1,0,0
INV2079,SUP30,3207.58,43,10,0,0,0
INV2080,SUP13,48.63,0,2,0,1,1
INV2081,SUP49,15922.49,21,15,0,0,0
INV2082,SUP26,19633.16,47,7,0,0,0
INV2083,SUP1,1222.53,31,8,1,0,0
INV2084,SUP37,12357.42,31,2,0,0,0
INV2085,SUP24,15298.75,56,11,0,0,0
INV2086,SUP2,17906.35,54,5,0,0,0
INV2087,SUP16,10283.76,53,15,0,0,0
INV2088,SUP17,2.61,1,18,0,0,1
INV2089,SUP14,14259.05,27,13,1,0,0
INV2090,SUP2,88570.65,1,9,1,0,1
INV2091,SUP26,14529.93,59,6,0,0,0
INV2092,SUP43,4669.47,38,13,0,0,0
INV2093,SUP34,8995.22,43,1,0,0,0
INV2094,SUP36,8201.49,45,19,0,0,0
INV2095,SUP43,6873.68,56,19,0,0,0
INV2096,SUP10,4761.97,20,7,1,0,0
INV2097,SUP40,10223.1,44,9,0,0,0
INV2098,SUP6,4557.01,17,1,0,0,0
INV2099,SUP49,8342.87,38,17,1,0,0
INV2100,SUP40,15451.13,56,2,0,0,0
INV2101,SUP41,12657.91,22,1,0,0,0
INV2102,SUP6,3997.08,47,9,0,0,0
INV2103,SUP50,2997.27,20,2,0,0,0
INV2104,SUP8,8979.92,45,12,0,0,0
INV2105,SUP25,14545.09,44,14,0,0,0
INV2106,SUP23,18025.72,45,20,0,0,0
INV2107,SUP43,76466.6,1,16,0,0,1
INV2108,SUP15,19742.92,19,16,1,0,0
INV2109,SUP15,5521.11,46,12,0,0,0
INV2110,SUP24,65114.7,1,1,1,0,1
INV2111,SUP49,14051.85,50,17,0,0,0
INV2112,SUP43,14934.53,22,16,0,0,0
INV2113,SUP44,4010.56,41,14,1,0,0
INV2114,SUP4,6208.11,27,11,1,0,0
INV2115,SUP30,9349.62,24,14,0,0,0
INV2116,SUP24,19217.07,55,12,0,0,0
INV2117,SUP23,11201.66,58,20,0,0,0
INV2118,SUP38,7890.4,43,2,1,0,0
INV2119,SUP48,9325.51,55,20,0,0,0
INV2120,SUP32,4138.18,33,17,1,0,0
INV2121,SUP43,5115.83,19,6,1,0,0
INV2122,SUP43,11654.6,33,7,0,0,0
INV2123,SUP33,10828.46,33,20,0,0,0
INV2124,SUP17,4167.8,44,9,0,0,0
INV2125,SUP42,12933.47,50,10,0,0,0
INV2126,SUP36,12701.58,22,18,0,0,0
INV2127,SUP42,10028.73,60,1,0,0,0
INV2128,SUP11,18397.66,59,13,0,0,0
INV2129,SUP42,8142.63,59,4,0,0,0
INV2130,SUP10,62295.05,1,1,1,0,1
INV2131,SUP45,17066.36,59,17,0,0,0
INV2132,SUP26,8381.65,57,18,1,0,0
INV2133,SUP29,7379.52,17,14,0,0,0
INV2134,SUP4,4213.74,46,17,1,0,0
INV2135,SUP20,19094.49,16,11,1,0,0
INV2136,SUP20,15142.85,36,17,1,0,0
INV2137,SUP35,17527.04,20,6,0,0,0
INV2138,SUP8,3886.8,58,8,0,0,0
INV2139,SUP44,14863.88,54,17,0,0,0
INV2140,SUP2,16558.21,28,2,0,0,0
INV2141,SUP10,9548.38,19,17,0,0,0
INV2142,SUP15,17865.68,30,14,0,0,0
INV2143,SUP47,14029.11,30,10,1,0,0
INV2144,SUP15,15272.14,22,14,0,0,0
INV2145,SUP8,3177.81,20,9,0,0,0
INV2146,SUP12,2824.69,38,9,0,0,0
INV2147,SUP14,14769.05,43,5,0,0,0
INV2148,SUP10,15113.68,25,9,1,0,0
INV2149,SUP27,18979.29,35,6,0,0,0
INV2150,SUP20,19813.32,28,1,0,0,0
INV2151,SUP14,13963.77,22,5,0,0,0
INV2152,SUP40,655.18,43,11,0,0,0
INV2153,SUP27,8103.85,51,10,1,0,0
INV2154,SUP44,11755.19,17,1,0,0,0
INV2155,SUP18,1365.21,19,15,1,0,0
INV2156,SUP40,15604.24,52,10,0,0,0
INV2157,SUP10,4821.48,22,19,0,0,0
INV2158,SUP31,16213.21,27,11,0,0,0
INV2159,SUP12,4973.19,36,2,0,0,0
INV2160,SUP11,14484.12,45,3,1,0,0
INV2161,SUP48,2106.72,45,3,0,0,0
INV2162,SUP5,10004.92,1,1,1,0,1
INV2163,SUP20,18693.1,30,17,0,0,0
INV2164,SUP21,9993.34,0,12,1,0,1
INV2165,SUP10,12917.37,37,1,0,0,0
INV2166,SUP24,3642.38,28,9,1,0,0
INV2167,SUP34,8172.9,36,2,0,0,0
INV2168,SUP13,19474.22,15,9,1,0,0
INV2169,SUP4,7323.24,54,2,0,0,0
INV2170,SUP16,11204.91,56,11,0,0,0
INV2171,SUP43,3134.81,44,11,1,0,0
INV2172,SUP50,12459.55,31,6,0,0,0
INV2173,SUP25,1328.57,20,7,0,0,0
INV2174,SUP5,17814.15,47,16,1,0,0
INV2175,SUP38,9899.73,47,20,0,0,0
INV2176,SUP19,13748.27,50,11,0,0,0
INV2177,SUP37,13202.65,26,3,0,0,0
INV2178,SUP3,21.78,1,16,0,1,1
INV2179,SUP45,4038.21,45,3,1,0,0
INV2180,SUP29,10000.32,0,5,0,0,1
INV2181,SUP16,9404.03,38,8,0,0,0
INV2182,SUP42,18614.14,35,6,1,0,0
INV2183,SUP3,12353.21,24,19,0,0,0
INV2184,SUP28,4305.46,32,9,1,0,0
INV2185,SUP30,12029.92,46,10,1,0,0
INV2186,SUP7,5339.9,54,6,0,0,0
INV2187,SUP28,11903.9,49,15,1,0,0
INV2188,SUP31,13663.93,16,15,0,0,0
INV2189,SUP2,8670.73,58,11,1,0,0
INV2190,SUP17,13972.26,20,1,0,0,0
INV2191,SUP43,17330.0,60,20,0,0,0
INV2192,SUP32,18668.6,45,19,0,0,0
INV2193,SUP17,12729.33,21,2,1,0,0
INV2194,SUP25,13896.92,47,7,0,0,0
INV2195,SUP3,17845.38,47,1,0,0,0
INV2196,SUP30,83444.51,0,15,0,0,1
INV2197,SUP50,10005.57,0,18,1,0,1
INV2198,SUP7,2190.14,38,14,0,0,0
INV2199,SUP22,19911.94,58,8,1,0,0
INV2200,SUP15,15275.95,55,9,0,0,0
INV2201,SUP39,13785.27,51,6,0,0,0
INV2202,SUP20,16139.01,58,6,1,0,0
INV2203,SUP10,6937.14,45,9,1,0,0
INV2204,SUP16,19399.13,33,3,0,0,0
INV2205,SUP11,12134.25,57,1,0,0,0
INV2206,SUP18,17062.58,40,11,0,0,0
INV2207,SUP8,3145.75,41,2,1,0,0
INV2208,SUP30,43.94,1,1,1,0,1
INV2209,SUP46,8146.3,16,2,0,0,0
INV2210,SUP6,2220.06,42,18,0,0,0
INV2211,SUP29,1128.94,39,13,0,0,0
INV2212,SUP3,17866.27,18,15,0,0,0
INV2213,SUP1,16067.64,58,17,0,0,0
INV2214,SUP31,6145.81,24,18,1,0,0
INV2215,SUP10,69032.52,0,7,1,1,1
INV2216,SUP22,2689.65,49,14,1,0,0
INV2217,SUP33,3612.29,15,6,0,0,0
INV2218,SUP24,5744.17,55,18,0,0,0
INV2219,SUP34,2898.47,39,18,1,0,0
INV2220,SUP31,1115.08,18,11,0,0,0
INV2221,SUP30,17033.99,28,2,0,0,0
INV2222,SUP42,19250.85,41,16,0,0,0
INV2223,SUP16,10901.68,49,2,0,0,0
INV2224,SUP43,16967.89,55,17,0,0,0
INV2225,SUP33,17941.49,57,19,0,0,0
INV2226,SUP6,4171.9,40,5,1,0,0
INV2227,SUP23,1866.91,28,11,0,0,0
INV2228,SUP21,14834.38,52,14,0,0,0
INV2229,SUP25,3191.11,57,11,0,0,0
INV2230,SUP49,5090.14,36,19,1,0,0
INV2231,SUP22,18141.51,54,19,0,0,0
INV2232,SUP40,19928.9,35,10,0,0,0
INV2233,SUP42,10000.0,1,9,0,0,1
INV2234,SUP22,2539.94,31,6,0,0,0
INV2235,SUP16,9998.21,0,16,0,1,1
INV2236,SUP34,14415.47,53,11,0,0,0
INV2237,SUP31,10637.68,20,6,0,0,0
INV2238,SUP2,19426.64,58,1,0,0,0
INV2239,SUP4,1886.19,56,11,0,0,0
INV2240,SUP19,6586.46,17,14,0,0,0
INV2241,SUP50,4333.55,53,2,0,0,0
INV2242,SUP31,19146.06,26,4,0,0,0
INV2243,SUP10,11217.25,16,5,1,0,0
INV2244,SUP2,8439.09,40,20,0,0,0
INV2245,SUP7,1321.87,35,13,0,0,0
INV2246,SUP28,12422.34,38,7,0,0,0
INV2247,SUP50,8432.95,25,19,1,0,0
INV2248,SUP48,7083.04,28,3,1,0,0
INV2249,SUP9,515.91,33,15,0,0,0
INV2250,SUP34,4862.55,33,19,0,0,0
INV2251,SUP46,12996.08,27,20,0,0,0
INV2252,SUP50,11305.18,46,17,1,0,0
INV2253,SUP38,8207.93,42,3,1,0,0
INV2254,SUP17,1248.0,54,16,0,0,0
INV2255,SUP2,3370.75,53,2,0,0,0
INV2256,SUP28,7870.04,31,5,1,0,0
INV2257,SUP1,3541.28,23,7,1,0,0
INV2258,SUP32,17639.57,55,6,0,0,0
INV2259,SUP38,10410.65,31,12,0,0,0
INV2260,SUP27,10519.65,19,20,0,0,0
INV2261,SUP40,1369.56,55,11,1,0,0
INV2262,SUP47,11128.29,24,9,1,0,0
INV2263,SUP12,11635.01,32,9,0,0,0
INV2264,SUP47,1141.17,20,19,0,0,0
INV2265,SUP1,7262.87,51,16,1,0,0
INV2266,SUP13,3634.33,27,11,0,0,0
INV2267,SUP13,5415.15,37,5,0,0,0
INV2268,SUP18,11256.29,54,15,0,0,0
INV2269,SUP1,4815.52,60,3,0,0,0
INV2270,SUP49,11920.66,40,18,0,0,0
INV2271,SUP39,3390.37,41,10,1,0,0
INV2272,SUP46,16472.33,55,2,0,0,0
INV2273,SUP26,18520.4,57,9,0,0,0
INV2274,SUP46,19638.16,33,10,0,0,0
INV2275,SUP46,18919.72,50,17,0,0,0
INV2276,SUP1,5432.55,39,19,0,0,0
INV2277,SUP27,19427.62,43,7,0,0,0
INV2278,SUP46,12962.73,59,14,0,0,0
INV2279,SUP43,13.78,1,7,0,1,1
INV2280,SUP40,3041.42,49,19,0,0,0
INV2281,SUP36,8779.01,37,13,1,0,0
INV2282,SUP5,23.13,1,4,0,0,1
INV2283,SUP28,9036.67,49,1,0,0,0
INV2284,SUP26,14067.95,46,6,0,0,0
INV2285,SUP31,18761.76,16,17,0,0,0
INV2286,SUP31,8241.74,27,8,1,0,0
INV2287,SUP30,12029.34,16,5,0,0,0
INV2288,SUP34,16261.99,58,19,0,0,0
INV2289,SUP20,2993.56,21,14,0,0,0
INV2290,SUP18,7906.44,24,1,0,0,0
INV2291,SUP10,14125.27,42,13,0,0,0
INV2292,SUP1,4136.49,26,1,0,0,0
INV2293,SUP17,17160.28,35,20,0,0,0
INV2294,SUP43,4106.27,15,14,0,0,0
INV2295,SUP21,18836.83,21,8,0,0,0
INV2296,SUP3,6110.37,59,18,0,0,0
INV2297,SUP22,4242.22,45,8,0,0,0
INV2298,SUP35,10027.61,29,20,0,0,0
INV2299,SUP9,3909.23,50,5,1,0,0
INV2300,SUP33,9882.48,59,1,0,0,0
INV2301,SUP10,1515.89,37,8,0,0,0
INV2302,SUP7,19054.82,56,18,1,0,0
INV2303,SUP27,9391.86,54,1,1,0,0
INV2304,SUP1,15870.01,17,16,0,0,0
INV2305,SUP19,10286.6,44,17,0,0,0
INV2306,SUP35,8340.28,55,18,0,0,0
INV2307,SUP31,13747.64,37,13,1,0,0
INV2308,SUP13,17633.39,40,16,0,0,0
INV2309,SUP50,10455.87,56,10,0,0,0
INV2310,SUP39,6970.64,40,17,0,0,0
INV2311,SUP42,5134.66,53,4,0,0,0
INV2312,SUP11,2367.61,43,4,0,0,0
INV2313,SUP23,10932.55,56,17,0,0,0
INV2314,SUP9,10991.66,53,6,1,0,0
INV2315,SUP29,4425.74,53,17,0,0,0
INV2316,SUP49,14672.88,44,17,1,0,0
INV2317,SUP37,1693.41,44,18,0,0,0
INV2318,SUP2,4745.55,37,9,1,0,0
INV2319,SUP34,9996.05,0,8,1,1,1
INV2320,SUP4,7481.58,50,8,0,0,0
INV2321,SUP50,14493.35,55,4,0,0,0
INV2322,SUP40,7512.24,23,13,0,0,0
INV2323,SUP43,14292.81,28,14,1,0,0
INV2324,SUP1,14804.83,30,20,0,0,0
INV2325,SUP16,14555.95,39,19,0,0,0
INV2326,SUP39,17692.5,22,12,0,0,0
INV2327,SUP42,13280.9,58,1,0,0,0
INV2328,SUP4,7775.1,44,16,0,0,0
INV2329,SUP20,12337.77,59,7,1,0,0
INV2330,SUP18,11571.23,21,3,0,0,0
INV2331,SUP33,2698.89,57,10,1,0,0
INV2332,SUP34,5543.35,16,7,0,0,0
INV2333,SUP20,6357.81,27,19,0,0,0
INV2334,SUP16,7566.58,16,2,0,0,0
INV2335,SUP38,3734.92,30,19,0,0,0
INV2336,SUP34,4662.73,26,4,1,0,0
INV2337,SUP5,1484.72,15,14,0,0,0
INV2338,SUP17,5402.29,30,10,0,0,0
INV2339,SUP20,7566.04,51,17,0,0,0
INV2340,SUP37,804.75,44,1,0,0,0
INV2341,SUP16,9777.08,27,9,1,0,0
INV2342,SUP42,3222.4,28,12,0,0,0
INV2343,SUP14,4365.54,31,15,0,0,0
INV2344,SUP43,13404.4,35,3,0,0,0
INV2345,SUP35,14477.36,27,4,0,0,0
INV2346,SUP34,17785.4,31,8,0,0,0
INV2347,SUP49,5368.85,43,11,0,0,0
INV2348,SUP31,9282.16,49,14,0,0,0
INV2349,SUP45,14435.58,26,5,1,0,0
INV2350,SUP24,9687.2,54,9,0,0,0
INV2351,SUP20,19216.81,37,18,0,0,0
INV2352,SUP5,18262.08,22,9,1,0,0
INV2353,SUP25,14086.99,58,11,0,0,0
INV2354,SUP15,10827.59,42,19,0,0,0
INV2355,SUP5,14173.8,23,1,1,0,0
INV2356,SUP50,3243.76,16,4,0,0,0
INV2357,SUP26,7274.93,51,19,0,0,0
INV2358,SUP22,677.89,56,2,0,0,0
INV2359,SUP24,5186.55,54,10,0,0,0
INV2360,SUP32,2467.43,24,7,0,0,0
INV2361,SUP7,17120.18,35,9,0,0,0
INV2362,SUP39,12001.52,28,16,0,0,0
INV2363,SUP43,15798.39,57,12,0,0,0
INV2364,SUP28,19626.33,40,2,0,0,0
INV2365,SUP18,16089.9,30,12,0,0,0
INV2366,SUP27,83980.28,0,19,0,0,1
INV2367,SUP10,14781.83,23,10,1,0,0
INV2368,SUP16,6899.61,39,9,0,0,0
INV2369,SUP7,16538.45,44,10,0,0,0
INV2370,SUP48,3655.98,41,19,1,0,0
INV2371,SUP29,4871.77,45,6,0,0,0
INV2372,SUP40,8514.41,38,9,1,0,0
INV2373,SUP48,12231.64,52,5,0,0,0
INV2374,SUP19,17729.5,33,6,1,0,0
INV2375,SUP29,9691.22,30,6,0,0,0
INV2376,SUP43,19641.5,39,9,0,0,0
INV2377,SUP9,5504.91,47,17,0,0,0
INV2378,SUP12,6796.24,42,5,0,0,0
INV2379,SUP36,1579.66,32,19,0,0,0
INV2380,SUP33,1656.05,35,6,1,0,0
INV2381,SUP11,15211.36,24,10,0,0,0
INV2382,SUP31,3584.5,54,16,0,0,0
INV2383,SUP33,16962.59,38,11,0,0,0
INV2384,SUP25,13849.2,33,16,0,0,0
INV2385,SUP37,11215.56,31,10,0,0,0
INV2386,SUP38,10964.64,18,2,0,0,0
INV2387,SUP10,18289.22,17,1,0,0,0
INV2388,SUP24,10959.54,18,11,1,0,0
INV2389,SUP43,10896.96,15,1,1,0,0
INV2390,SUP12,3588.31,34,16,0,0,0
INV2391,SUP21,7404.41,33,20,1,0,0
INV2392,SUP13,15323.41,49,14,0,0,0
INV2393,SUP29,5273.41,44,16,0,0,0
INV2394,SUP14,1584.49,29,3,0,0,0
INV2395,SUP41,16717.25,30,13,1,0,0
INV2396,SUP50,18112.43,16,18,0,0,0
INV2397,SUP41,17934.36,55,17,0,0,0
INV2398,SUP11,4870.53,24,3,0,0,0
INV2399,SUP41,2995.11,36,4,0,0,0
INV2400,SUP19,18157.56,31,16,0,0,0
INV2401,SUP27,18636.08,40,19,0,0,0
INV2402,SUP47,7322.15,29,14,0,0,0
INV2403,SUP28,2539.51,22,17,0,0,0
INV2404,SUP12,3369.73,25,18,0,0,0
INV2405,SUP49,14549.39,60,19,0,0,0
INV2406,SUP14,5913.17,38,19,0,0,0
INV2407,SUP32,2023.73,32,3,0,0,0
INV2408,SUP22,95372.48,1,16,0,0,1
INV2409,SUP25,9990.69,1,2,1,1,1
INV2410,SUP42,5397.35,42,15,0,0,0
INV2411,SUP27,8940.29,57,16,1,0,0
INV2412,SUP30,6224.84,47,17,0,0,0
INV2413,SUP21,13111.25,50,8,0,0,0
INV2414,SUP39,8451.16,49,15,0,0,0
INV2415,SUP17,13864.8,47,14,0,0,0
INV2416,SUP32,1597.45,17,2,0,0,0
INV2417,SUP33,16271.38,33,1,0,0,0
INV2418,SUP15,4506.31,46,2,0,0,0
INV2419,SUP7,14354.38,43,5,0,0,0
INV2420,SUP44,45.68,1,10,1,0,1
INV2421,SUP44,7027.51,22,12,0,0,0
INV2422,SUP6,14892.37,57,13,0,0,0
INV2423,SUP23,4793.0,26,1,0,0,0
INV2424,SUP21,7638.02,27,20,0,0,0
INV2425,SUP7,12562.97,37,20,0,0,0
INV2426,SUP14,17529.34,26,19,1,0,0
INV2427,SUP28,7883.98,51,19,1,0,0
INV2428,SUP30,10643.79,55,1,0,0,0
INV2429,SUP10,8563.58,48,6,0,0,0
INV2430,SUP32,17448.22,54,7,0,0,0
INV2431,SUP21,8251.74,60,12,0,0,0
INV2432,SUP28,10004.2,1,1,1,0,1
INV2433,SUP29,1141.71,58,13,0,0,0
INV2434,SUP33,29.98,0,8,0,0,1
INV2435,SUP29,14638.22,30,3,0,0,0
INV2436,SUP24,4379.19,23,9,0,0,0
INV2437,SUP41,6238.49,39,4,0,0,0
INV2438,SUP19,3444.82,42,4,0,0,0
INV2439,SUP14,15056.39,30,8,1,0,0
INV2440,SUP13,12725.0,53,18,1,0,0
INV2441,SUP20,8041.22,38,7,1,0,0
INV2442,SUP9,17653.82,21,3,1,0,0
INV2443,SUP4,9876.5,28,20,0,0,0
INV2444,SUP17,4108.21,56,4,1,0,0
INV2445,SUP27,3631.76,56,11,0,0,0
INV2446,SUP19,11262.47,29,8,0,0,0
INV2447,SUP41,2199.75,38,15,1,0,0
INV2448,SUP35,1576.66,35,1,0,0,0
INV2449,SUP40,11024.87,32,15,1,0,0
INV2450,SUP44,18938.3,52,7,0,0,0
INV2451,SUP31,72528.28,1,2,0,0,1
INV2452,SUP30,18506.28,30,18,0,0,0
INV2453,SUP16,8711.76,39,3,1,0,0
INV2454,SUP45,5222.44,53,17,0,0,0
INV2455,SUP4,13244.75,53,3,0,0,0
INV2456,SUP49,10007.28,22,5,1,0,0
INV2457,SUP37,10301.87,60,19,0,0,0
INV2458,SUP25,2113.25,51,5,0,0,0
INV2459,SUP16,4308.85,30,18,0,0,0
INV2460,SUP17,16702.9,26,2,1,0,0
INV2461,SUP28,3237.64,38,12,1,0,0
INV2462,SUP21,3110.34,58,4,0,0,0
INV2463,SUP13,10970.0,29,15,0,0,0
INV2464,SUP22,2568.86,21,2,0,0,0
INV2465,SUP3,3077.45,19,6,0,0,0
INV2466,SUP8,13055.25,50,18,0,0,0
INV2467,SUP47,56894.04,1,2,1,1,1
INV2468,SUP30,5126.42,45,9,0,0,0
INV2469,SUP19,16491.22,40,11,1,0,0
INV2470,SUP50,3396.46,40,15,0,0,0
INV2471,SUP34,10132.63,22,19,1,0,0
INV2472,SUP39,2299.72,59,11,0,0,0
INV2473,SUP37,17621.99,40,7,1,0,0
INV2474,SUP1,17250.92,60,2,0,0,0
INV2475,SUP37,7747.08,48,16,1,0,0
INV2476,SUP43,8100.25,20,6,0,0,0
INV2477,SUP21,1343.28,42,7,0,0,0
INV2478,SUP47,5175.91,49,7,0,0,0
INV2479,SUP26,15839.39,51,8,1,0,0
INV2480,SUP1,19687.0,30,11,1,0,0
INV2481,SUP19,10055.44,31,20,0,0,0
INV2482,SUP42,15165.55,57,1,0,0,0
INV2483,SUP34,18299.36,56,5,0,0,0
INV2484,SUP34,18498.96,48,20,0,0,0
INV2485,SUP49,5960.01,44,6,0,0,0
INV2486,SUP49,2931.86,31,9,1,0,0
INV2487,SUP47,2770.77,41,13,1,0,0
INV2488,SUP10,1322.62,46,8,1,0,0
INV2489,SUP12,41.93,1,14,0,0,1
INV2490,SUP37,15294.8,25,18,1,0,0
INV2491,SUP45,2307.16,44,15,0,0,0
INV2492,SUP14,17399.41,36,17,1,0,0
INV2493,SUP29,8262.95,23,5,0,0,0
INV2494,SUP30,19494.35,36,20,0,0,0
INV2495,SUP6,10338.56,60,12,0,0,0
INV2496,SUP5,4312.77,52,1,0,0,0
INV2497,SUP33,10000.73,1,16,0,0,1
INV2498,SUP21,9666.47,35,12,0,0,0
INV2499,SUP50,4200.84,46,18,0,0,0
INV2500,SUP4,5949.81,24,6,0,0,0
INV2501,SUP6,17108.97,59,9,0,0,0
INV2502,SUP16,18498.74,50,10,1,0,0
INV2503,SUP19,16205.03,23,13,0,0,0
INV2504,SUP39,2185.02,52,10,0,0,0
INV2505,SUP33,10001.1,0,12,0,1,1
INV2506,SUP31,3048.15,58,1,0,0,0
INV2507,SUP33,13560.98,18,5,0,0,0
INV2508,SUP22,11650.53,24,2,0,0,0
INV2509,SUP27,4304.0,17,4,0,0,0
INV2510,SUP11,4918.17,43,7,0,0,0
INV2511,SUP26,9782.91,38,11,1,0,0
INV2512,SUP35,17920.09,56,19,0,0,0
INV2513,SUP26,17260.44,57,16,1,0,0
INV2514,SUP24,5662.45,51,8,0,0,0
INV2515,SUP11,4357.51,21,7,0,0,0
INV2516,SUP20,6199.46,18,11,1,0,0
INV2517,SUP18,17815.92,21,9,1,0,0
INV2518,SUP31,13383.19,57,14,0,0,0
INV2519,SUP39,11477.84,55,11,1,0,0
INV2520,SUP19,14103.19,25,2,0,0,0
INV2521,SUP37,4051.78,30,1,1,0,0
INV2522,SUP50,19462.05,22,20,0,0,0
INV2523,SUP31,14128.1,47,18,0,0,0
INV2524,SUP13,38.97,1,6,0,0,1
INV2525,SUP43,6643.9,58,7,0,0,0
INV2526,SUP49,4256.02,51,11,1,0,0
INV2527,SUP13,13690.14,26,15,0,0,0
INV2528,SUP13,14883.84,55,12,0,0,0
INV2529,SUP20,10781.51,40,16,1,0,0
INV2530,SUP28,15239.06,41,9,0,0,0
INV2531,SUP40,11023.21,30,2,0,0,0
INV2532,SUP17,500.98,31,8,1,0,0
INV2533,SUP31,17599.78,36,11,1,0,0
INV2534,SUP25,1757.27,46,7,0,0,0
INV2535,SUP25,17182.72,22,6,0,0,0
INV2536,SUP4,1544.4,48,17,0,0,0
INV2537,SUP35,3353.59,46,3,0,0,0
INV2538,SUP26,8288.36,58,6,0,0,0
INV2539,SUP31,73552.83,1,15,0,0,1
INV2540,SUP40,15612.74,40,8,0,0,0
INV2541,SUP7,2064.82,30,16,0,0,0
INV2542,SUP38,61394.6,0,7,0,0,1
INV2543,SUP46,952.65,32,16,1,0,0
INV2544,SUP50,6974.04,32,16,0,0,0
INV2545,SUP21,10235.45,56,8,0,0,0
INV2546,SUP38,61238.44,0,15,0,1,1
INV2547,SUP1,4727.18,39,6,0,0,0
INV2548,SUP45,10052.41,34,12,1,0,0
INV2549,SUP39,16710.47,56,3,0,0,0
INV2550,SUP44,2642.71,56,9,0,0,0
INV2551,SUP31,9199.57,30,1,0,0,0
INV2552,SUP7,1557.5,45,13,0,0,0
INV2553,SUP49,5715.2,38,9,1,0,0
INV2554,SUP44,5548.56,39,5,0,0,0
INV2555,SUP37,15061.25,27,12,0,0,0
INV2556,SUP46,18570.5,30,18,0,0,0
INV2557,SUP3,1072.63,56,1,0,0,0
INV2558,SUP26,11255.53,31,1,0,0,0
INV2559,SUP10,10007.8,1,9,0,1,1
INV2560,SUP40,1082.23,50,6,0,0,0
INV2561,SUP47,7384.59,51,8,1,0,0
INV2562,SUP45,4530.91,19,2,0,0,0
INV2563,SUP5,9337.07,41,10,0,0,0
INV2564,SUP6,13.44,1,2,0,0,1
INV2565,SUP37,19578.4,32,13,0,0,0
INV2566,SUP23,6036.88,23,17,0,0,0
INV2567,SUP5,5988.21,20,14,0,0,0
INV2568,SUP39,10066.95,59,17,1,0,0
INV2569,SUP17,32.43,1,1,1,0,1
INV2570,SUP48,12235.55,25,6,0,0,0
INV2571,SUP39,16707.13,59,18,0,0,0
INV2572,SUP1,4313.54,57,4,0,0,0
INV2573,SUP33,14399.07,25,20,0,0,0
INV2574,SUP45,6306.07,35,19,0,0,0
INV2575,SUP44,9691.2,49,11,0,0,0
INV2576,SUP16,12732.11,25,11,0,0,0
INV2577,SUP47,15669.05,60,6,0,0,0
INV2578,SUP2,15547.17,60,3,0,0,0
INV2579,SUP36,12220.83,20,20,1,0,0
INV2580,SUP27,16998.8,59,3,0,0,0
INV2581,SUP30,9899.84,38,2,1,0,0
INV2582,SUP26,12603.12,47,17,0,0,0
INV2583,SUP20,10546.56,27,11,1,0,0
INV2584,SUP14,3477.59,54,18,0,0,0
INV2585,SUP2,18452.42,45,9,0,0,0
INV2586,SUP17,7137.53,32,14,0,0,0
INV2587,SUP25,10697.96,16,5,0,0,0
INV2588,SUP28,10935.78,18,15,0,0,0
INV2589,SUP49,19208.71,48,19,0,0,0
INV2590,SUP3,18716.55,37,19,0,0,0
INV2591,SUP48,14843.13,50,3,1,0,0
INV2592,SUP49,4861.35,39,2,1,0,0
INV2593,SUP48,2492.18,59,9,0,0,0
INV2594,SUP15,4998.05,16,19,0,0,0
INV2595,SUP50,4055.29,25,9,0,0,0
INV2596,SUP10,4472.64,46,8,0,0,0
INV2597,SUP41,3414.84,21,18,0,0,0
INV2598,SUP49,7483.55,58,14,0,0,0
INV2599,SUP12,961.57,26,6,1,0,0
INV2600,SUP45,3512.5,57,19,1,0,0
INV2601,SUP45,4730.82,29,14,1,0,0
INV2602,SUP11,3793.62,55,9,0,0,0
INV2603,SUP7,3388.89,40,7,0,0,0
INV2604,SUP25,12854.02,24,14,1,0,0
INV2605,SUP13,8534.44,52,4,0,0,0
INV2606,SUP10,16420.8,23,2,0,0,0
INV2607,SUP27,1692.46,39,6,1,0,0
INV2608,SUP1,15093.47,47,20,0,0,0
INV2609,SUP2,19169.26,50,15,0,0,0
INV2610,SUP7,27.14,0,13,0,0,1
INV2611,SUP16,14570.43,53,9,1,0,0
INV2612,SUP9,10267.74,53,7,0,0,0
INV2613,SUP28,6646.44,28,4,1,0,0
INV2614,SUP49,14655.5,29,4,1,0,0
INV2615,SUP48,14922.85,25,2,0,0,0
INV2616,SUP30,18757.71,53,13,0,0,0
INV2617,SUP48,5271.65,43,1,0,0,0
INV2618,SUP3,15160.63,15,14,0,0,0
INV2619,SUP38,6289.89,48,4,0,0,0
INV2620,SUP1,8741.76,24,19,0,0,0
INV2621,SUP24,15610.18,41,3,0,0,0
INV2622,SUP31,19181.14,20,5,1,0,0
INV2623,SUP31,7282.56,46,1,0,0,0
INV2624,SUP34,10567.26,52,14,1,0,0
INV2625,SUP49,3476.34,16,14,1,0,0
INV2626,SUP35,2284.33,39,17,0,0,0
INV2627,SUP38,673.08,31,10,1,0,0
INV2628,SUP50,9734.66,53,4,1,0,0
INV2629,SUP10,6812.66,53,15,0,0,0
INV2630,SUP33,17971.09,57,10,0,0,0
INV2631,SUP28,1696.93,40,12,0,0,0
INV2632,SUP37,19889.34,44,11,0,0,0
INV2633,SUP14,18236.01,26,10,0,0,0
INV2634,SUP22,9883.16,16,13,0,0,0
INV2635,SUP7,12901.66,32,6,1,0,0
INV2636,SUP43,10247.8,46,14,0,0,0
INV2637,SUP46,652.61,20,20,1,0,0
INV2638,SUP7,3995.88,37,2,0,0,0
INV2639,SUP18,2008.34,30,9,0,0,0
INV2640,SUP48,16212.85,15,10,1,0,0
INV2641,SUP43,11002.52,36,14,0,0,0
INV2642,SUP8,18058.8,17,13,1,0,0
INV2643,SUP38,8831.48,24,6,1,0,0
INV2644,SUP18,13856.13,36,19,0,0,0
INV2645,SUP34,10282.69,43,18,1,0,0
INV2646,SUP4,11716.24,23,6,0,0,0
INV2647,SUP48,14534.45,30,14,1,0,0
INV2648,SUP20,19414.18,35,15,0,0,0
INV2649,SUP32,1317.12,55,8,0,0,0
INV2650,SUP28,17215.07,22,16,0,0,0
INV2651,SUP4,15426.61,43,17,1,0,0
INV2652,SUP15,2161.29,42,17,1,0,0
INV2653,SUP7,17958.32,30,3,0,0,0
INV2654,SUP30,6683.57,25,5,0,0,0
INV2655,SUP2,10003.82,0,5,1,1,1
INV2656,SUP33,6065.22,28,17,0,0,0
INV2657,SUP32,1575.43,47,15,0,0,0
INV2658,SUP14,15558.14,25,5,0,0,0
INV2659,SUP34,1177.39,33,13,0,0,0
INV2660,SUP37,2345.96,40,6,0,0,0
INV2661,SUP21,2495.69,16,2,0,0,0
INV2662,SUP8,2770.2,55,7,0,0,0
INV2663,SUP31,10670.28,34,17,1,0,0
INV2664,SUP24,18623.37,54,16,0,0,0
INV2665,SUP11,16608.5,53,1,0,0,0
INV2666,SUP41,19947.92,40,5,1,0,0
INV2667,SUP46,3201.9,57,4,0,0,0
INV2668,SUP16,8509.37,20,9,0,0,0
INV2669,SUP35,13980.56,54,8,0,0,0
INV2670,SUP38,2024.39,30,12,0,0,0
INV2671,SUP5,19110.29,32,2,1,0,0
INV2672,SUP14,1916.11,46,3,1,0,0
INV2673,SUP16,13680.9,16,19,0,0,0
INV2674,SUP1,16803.92,24,7,0,0,0
INV2675,SUP39,19128.55,27,18,1,0,0
INV2676,SUP20,4016.57,45,2,1,0,0
INV2677,SUP33,7177.07,37,11,1,0,0
INV2678,SUP33,12939.41,31,8,0,0,0
INV2679,SUP40,8759.16,51,5,0,0,0
INV2680,SUP21,1032.85,50,10,1,0,0
INV2681,SUP7,14886.09,39,16,0,0,0
INV2682,SUP33,12489.13,44,3,0,0,0
INV2683,SUP17,66316.31,1,17,0,1,1
INV2684,SUP32,14344.51,60,12,0,0,0
INV2685,SUP9,19650.34,35,5,0,0,0
INV2686,SUP37,7652.58,28,2,0,0,0
INV2687,SUP18,13037.27,55,4,1,0,0
INV2688,SUP39,19229.58,48,13,1,0,0
INV2689,SUP47,2780.03,42,6,0,0,0
INV2690,SUP14,13563.01,18,9,0,0,0
INV2691,SUP3,4070.25,18,15,0,0,0
INV2692,SUP13,12680.05,22,20,1,0,0
INV2693,SUP26,6497.65,49,11,0,0,0
INV2694,SUP46,10008.69,1,9,1,0,1
INV2695,SUP34,4590.27,58,11,0,0,0
INV2696,SUP10,19030.07,56,9,0,0,0
INV2697,SUP14,9997.44,1,8,1,0,1
INV2698,SUP22,8891.39,27,1,0,0,0
INV2699,SUP44,15185.85,59,15,1,0,0
INV2700,SUP48,16385.34,53,15,0,0,0
INV2701,SUP10,10306.29,57,19,0,0,0
INV2702,SUP13,8117.55,21,1,0,0,0
INV2703,SUP14,18130.03,55,9,0,0,0
INV2704,SUP8,17262.98,55,12,1,0,0
INV2705,SUP44,19963.76,33,16,1,0,0
INV2706,SUP33,19812.87,47,6,0,0,0
INV2707,SUP13,8316.94,26,8,0,0,0
INV2708,SUP46,13122.46,47,1,1,0,0
INV2709,SUP33,15993.11,33,11,0,0,0
INV2710,SUP1,19050.26,35,17,1,0,0
INV2711,SUP6,3684.91,25,2,1,0,0
INV2712,SUP13,77053.53,1,20,0,0,1
INV2713,SUP5,11738.57,54,19,0,0,0
INV2714,SUP24,3060.89,19,16,0,0,0
INV2715,SUP2,18173.99,41,17,0,0,0
INV2716,SUP17,6399.75,43,8,0,0,0
INV2717,SUP22,9991.01,0,1,0,1,1
INV2718,SUP48,16697.01,58,6,1,0,0
INV2719,SUP15,8116.46,56,17,1,0,0
INV2720,SUP37,6952.29,48,9,0,0,0
INV2721,SUP47,13098.26,51,9,1,0,0
INV2722,SUP42,20.71,0,2,1,1,1
INV2723,SUP50,19871.68,58,8,1,0,0
INV2724,SUP19,4611.71,44,6,0,0,0
INV2725,SUP35,12898.21,19,7,0,0,0
INV2726,SUP15,602.09,60,13,1,0,0
INV2727,SUP1,11945.39,56,6,1,0,0
INV2728,SUP19,17592.74,50,3,1,0,0
INV2729,SUP1,6368.04,41,4,1,0,0
INV2730,SUP6,16669.58,30,18,0,0,0
INV2731,SUP32,10004.84,30,4,1,0,0
INV2732,SUP15,18942.53,17,14,0,0,0
INV2733,SUP38,6460.27,27,20,1,0,0
INV2734,SUP37,9189.91,60,2,1,0,0
INV2735,SUP2,7329.55,53,14,0,0,0
INV2736,SUP35,6376.78,30,10,1,0,0
INV2737,SUP35,98069.1,1,14,1,1,1
INV2738,SUP18,18723.61,45,1,0,0,0
INV2739,SUP16,16526.36,51,2,0,0,0
INV2740,SUP20,16544.26,19,14,0,0,0
INV2741,SUP33,7865.65,23,18,0,0,0
INV2742,SUP30,9363.03,15,2,0,0,0
INV2743,SUP3,8998.28,47,8,0,0,0
INV2744,SUP28,6.41,0,20,0,0,1
INV2745,SUP39,11915.35,39,5,0,0,0
INV2746,SUP7,782.25,60,2,0,0,0
INV2747,SUP37,5228.04,31,14,1,0,0
INV2748,SUP44,8267.74,31,14,0,0,0
INV2749,SUP25,13130.56,58,4,1,0,0
INV2750,SUP4,17001.44,29,10,1,0,0
INV2751,SUP16,1337.18,56,9,1,0,0
INV2752,SUP9,5270.27,29,17,0,0,0
INV2753,SUP42,8508.0,30,19,0,0,0
INV2754,SUP7,12002.75,30,6,1,0,0
INV2755,SUP48,11519.14,16,2,1,0,0
INV2756,SUP1,1789.23,32,10,0,0,0
INV2757,SUP15,19446.97,57,10,1,0,0
INV2758,SUP2,9995.5,0,11,1,0,1
INV2759,SUP29,4849.63,16,15,1,0,0
INV2760,SUP16,8618.35,31,2,0,0,0
INV2761,SUP43,6571.81,22,1,0,0,0
INV2762,SUP8,8546.81,24,10,0,0,0
INV2763,SUP41,9619.9,55,2,0,0,0
INV2764,SUP50,804.21,54,10,0,0,0
INV2765,SUP24,2746.35,47,20,1,0,0
INV2766,SUP32,6829.12,16,18,1,0,0
INV2767,SUP13,6017.98,35,13,0,0,0
INV2768,SUP45,15970.96,17,14,0,0,0
INV2769,SUP19,19457.84,29,1,0,0,0
INV2770,SUP36,19278.66,17,5,0,0,0
INV2771,SUP13,2655.05,17,5,0,0,0
INV2772,SUP42,1595.81,35,5,0,0,0
INV2773,SUP25,9008.77,43,8,0,0,0
INV2774,SUP23,4957.07,21,19,1,0,0
INV2775,SUP10,5471.6,19,1,0,0,0
INV2776,SUP45,18242.59,48,16,0,0,0
INV2777,SUP29,2557.99,45,15,0,0,0
INV2778,SUP21,17951.63,25,8,1,0,0
INV2779,SUP38,8323.97,55,3,1,0,0
INV2780,SUP41,13990.77,21,5,0,0,0
INV2781,SUP1,8908.83,55,8,1,0,0
INV2782,SUP50,8462.64,46,9,0,0,0
INV2783,SUP36,1561.37,41,18,0,0,0
INV2784,SUP50,17508.83,59,20,0,0,0
INV2785,SUP3,955.4,53,15,0,0,0
INV2786,SUP9,5045.65,17,11,1,0,0
INV2787,SUP34,12744.55,21,4,0,0,0
INV2788,SUP14,7576.42,51,6,0,0,0
INV2789,SUP45,15255.86,55,2,0,0,0
INV2790,SUP15,5094.51,16,15,1,0,0
INV2791,SUP4,13406.96,33,10,0,0,0
INV2792,SUP43,19668.5,21,14,0,0,0
INV2793,SUP10,12860.45,35,2,1,0,0
INV2794,SUP16,19363.52,48,15,0,0,0
INV2795,SUP6,11710.05,21,14,0,0,0
INV2796,SUP5,6565.99,16,17,0,0,0
INV2797,SUP21,16780.98,26,2,0,0,0
INV2798,SUP25,13461.17,53,14,0,0,0
INV2799,SUP42,531.94,35,12,0,0,0
INV2800,SUP25,2499.23,41,7,0,0,0
INV2801,SUP27,18522.48,50,1,0,0,0
INV2802,SUP44,1582.85,59,14,0,0,0
INV2803,SUP40,5195.02,16,11,0,0,0
INV2804,SUP36,2967.68,40,6,0,0,0
INV2805,SUP23,13068.03,52,20,1,0,0
INV2806,SUP2,9398.58,46,4,0,0,0
INV2807,SUP17,3305.08,39,16,0,0,0
INV2808,SUP15,8278.0,16,10,0,0,0
INV2809,SUP34,15736.1,15,15,0,0,0
INV2810,SUP5,10240.41,43,8,0,0,0
INV2811,SUP4,3319.2,24,7,1,0,0
INV2812,SUP3,3544.54,48,7,0,0,0
INV2813,SUP22,5675.47,23,1,0,0,0
INV2814,SUP3,94339.68,1,15,1,1,1
INV2815,SUP35,10030.85,31,15,0,0,0
INV2816,SUP48,4139.36,60,7,0,0,0
INV2817,SUP17,4494.62,50,2,0,0,0
INV2818,SUP39,9201.56,16,9,0,0,0
INV2819,SUP35,13926.75,56,20,1,0,0
INV2820,SUP46,16646.21,37,20,0,0,0
INV2821,SUP14,19.29,1,15,0,0,1
INV2822,SUP23,3095.06,36,7,0,0,0
INV2823,SUP5,17098.98,37,3,0,0,0
INV2824,SUP36,17816.38,20,16,1,0,0
INV2825,SUP37,16000.7,27,9,0,0,0
INV2826,SUP39,2441.25,42,7,0,0,0
INV2827,SUP37,4793.47,34,3,0,0,0
INV2828,SUP47,6110.79,29,14,0,0,0
INV2829,SUP21,13572.53,18,8,1,0,0
INV2830,SUP49,1404.01,19,11,1,0,0
INV2831,SUP50,15113.73,43,9,0,0,0
INV2832,SUP49,11002.0,19,8,0,0,0
INV2833,SUP13,10002.43,1,10,0,0,1
INV2834,SUP22,3845.69,42,10,0,0,0
INV2835,SUP28,2646.3,59,3,0,0,0
INV2836,SUP5,15749.39,30,4,0,0,0
INV2837,SUP7,5737.0,60,4,0,0,0
INV2838,SUP6,13337.51,29,13,1,0,0
INV2839,SUP25,16062.31,45,1,1,0,0
INV2840,SUP42,17010.78,29,17,1,0,0
INV2841,SUP4,9042.96,32,16,1,0,0
INV2842,SUP7,5011.88,35,14,0,0,0
INV2843,SUP50,9490.61,27,14,1,0,0
INV2844,SUP17,666.8,31,10,1,0,0
INV2845,SUP16,10731.01,28,15,0,0,0
INV2846,SUP39,16647.15,33,4,0,0,0
INV2847,SUP39,15346.79,21,16,1,0,0
INV2848,SUP44,646.54,18,12,0,0,0
INV2849,SUP6,3615.2,32,18,0,0,0
INV2850,SUP29,1548.63,34,5,0,0,0
INV2851,SUP26,15698.04,41,6,0,0,0
INV2852,SUP23,12362.49,59,11,0,0,0
INV2853,SUP46,4422.51,49,14,0,0,0
INV2854,SUP4,7260.3,37,20,0,0,0
INV2855,SUP15,3467.95,49,10,0,0,0
INV2856,SUP39,13316.62,25,17,0,0,0
INV2857,SUP32,18509.33,56,13,0,0,0
INV2858,SUP1,3821.41,36,18,0,0,0
INV2859,SUP37,52499.17,1,16,0,1,1
INV2860,SUP28,16863.16,26,8,0,0,0
INV2861,SUP5,6689.36,47,15,0,0,0
INV2862,SUP20,29.52,0,18,1,0,1
INV2863,SUP39,8192.24,47,17,0,0,0
INV2864,SUP44,9990.21,0,16,1,0,1
INV2865,SUP16,15865.63,58,8,1,0,0
INV2866,SUP23,11960.04,41,1,1,0,0
INV2867,SUP47,13687.14,41,5,0,0,0
INV2868,SUP29,19805.95,34,6,0,0,0
INV2869,SUP1,99457.27,0,3,0,0,1
INV2870,SUP9,8540.11,39,7,0,0,0
INV2871,SUP27,8807.68,34,1,0,0,0
INV2872,SUP48,16720.3,40,9,0,0,0
INV2873,SUP38,19679.28,35,18,0,0,0
INV2874,SUP22,3796.02,38,7,0,0,0
INV2875,SUP27,1441.0,21,11,0,0,0
INV2876,SUP6,13238.31,22,5,0,0,0
INV2877,SUP21,9162.35,47,20,0,0,0
INV2878,SUP17,9646.65,40,11,0,0,0
INV2879,SUP8,18754.16,21,10,0,0,0
INV2880,SUP34,13877.0,29,16,0,0,0
INV2881,SUP31,9510.99,59,12,1,0,0
INV2882,SUP2,14758.85,33,3,0,0,0
INV2883,SUP15,589.1,17,12,1,0,0
INV2884,SUP37,11767.35,59,12,0,0,0
INV2885,SUP49,15727.14,26,3,0,0,0
INV2886,SUP30,4942.79,16,14,1,0,0
INV2887,SUP15,1155.68,27,20,0,0,0
INV2888,SUP28,2127.83,52,1,1,0,0
INV2889,SUP23,13135.15,42,12,1,0,0
INV2890,SUP26,15230.81,53,17,0,0,0
INV2891,SUP50,5627.53,42,5,0,0,0
INV2892,SUP36,15234.6,47,19,0,0,0
INV2893,SUP8,1202.18,57,19,0,0,0
INV2894,SUP17,16482.64,32,2,0,0,0
INV2895,SUP18,3750.98,57,20,0,0,0
INV2896,SUP17,15112.34,52,5,0,0,0
INV2897,SUP1,16706.64,39,14,0,0,0
INV2898,SUP49,15932.45,25,20,0,0,0
INV2899,SUP33,13105.88,33,12,1,0,0
INV2900,SUP50,9056.85,28,5,0,0,0
INV2901,SUP25,33.03,1,17,1,0,1
INV2902,SUP32,19490.21,53,18,0,0,0
INV2903,SUP38,6376.8,50,12,1,0,0
INV2904,SUP44,7851.11,41,2,1,0,0
INV2905,SUP27,5682.95,58,9,0,0,0
INV2906,SUP31,8135.09,38,13,1,0,0
INV2907,SUP31,14894.03,55,19,0,0,0
INV2908,SUP37,19372.26,27,3,0,0,0
INV2909,SUP19,14429.54,29,19,0,0,0
INV2910,SUP22,1865.64,32,5,0,0,0
INV2911,SUP30,5156.18,51,10,1,0,0
INV2912,SUP29,14670.44,52,19,1,0,0
INV2913,SUP10,19089.27,43,2,0,0,0
INV2914,SUP25,19672.35,38,16,0,0,0
INV2915,SUP38,18858.74,52,16,0,0,0
INV2916,SUP26,14066.8,24,7,0,0,0
INV2917,SUP18,3882.91,60,9,0,0,0
INV2918,SUP22,9970.27,31,11,0,0,0
INV2919,SUP49,7810.76,33,14,1,0,0
INV2920,SUP42,3506.53,46,19,1,0,0
INV2921,SUP7,13408.07,30,10,0,0,0
INV2922,SUP29,7616.31,16,6,0,0,0
INV2923,SUP2,3201.31,33,5,0,0,0
INV2924,SUP42,9062.88,53,1,1,0,0
INV2925,SUP48,16101.14,34,6,0,0,0
INV2926,SUP29,15324.86,60,9,1,0,0
INV2927,SUP43,2932.07,30,20,0,0,0
INV2928,SUP24,5198.63,40,14,0,0,0
INV2929,SUP30,3145.84,31,6,1,0,0
INV2930,SUP48,4041.67,19,13,0,0,0
INV2931,SUP32,12458.14,52,1,0,0,0
INV2932,SUP11,6338.56,43,6,1,0,0
INV2933,SUP11,2088.66,17,10,1,0,0
INV2934,SUP39,25.4,1,9,1,0,1
INV2935,SUP27,12758.38,19,5,0,0,0
INV2936,SUP33,15584.63,24,9,0,0,0
INV2937,SUP10,14287.35,47,14,1,0,0
INV2938,SUP17,9343.57,41,8,1,0,0
INV2939,SUP21,16171.59,44,3,0,0,0
INV2940,SUP25,13584.64,57,2,0,0,0
INV2941,SUP27,7361.06,33,10,0,0,0
INV2942,SUP46,9744.74,40,16,1,0,0
INV2943,SUP41,3059.62,45,11,0,0,0
INV2944,SUP30,1997.2,55,13,0,0,0
INV2945,SUP17,13783.86,31,6,0,0,0
INV2946,SUP47,14378.61,45,19,0,0,0
INV2947,SUP48,4101.52,60,4,0,0,0
INV2948,SUP22,15652.66,51,15,0,0,0
INV2949,SUP47,61526.3,1,11,1,1,1
INV2950,SUP28,13697.59,34,20,0,0,0
INV2951,SUP48,19625.98,44,17,0,0,0
INV2952,SUP29,9083.84,44,18,0,0,0
INV2953,SUP18,13247.83,37,19,0,0,0
INV2954,SUP19,14787.19,59,18,0,0,0
INV2955,SUP49,5527.51,49,7,1,0,0
INV2956,SUP12,83651.13,0,12,1,0,1
INV2957,SUP46,10447.56,30,11,0,0,0
INV2958,SUP18,16880.92,26,15,0,0,0
INV2959,SUP8,6592.11,25,14,1,0,0
INV2960,SUP46,9850.71,25,18,0,0,0
INV2961,SUP28,10004.22,1,18,0,1,1
INV2962,SUP22,14556.5,37,10,1,0,0
INV2963,SUP30,11202.8,39,8,0,0,0
INV2964,SUP38,14572.19,33,13,1,0,0
INV2965,SUP12,9044.86,59,10,0,0,0
INV2966,SUP43,8645.42,23,20,0,0,0
INV2967,SUP47,19058.94,45,2,0,0,0
INV2968,SUP44,18012.15,34,20,0,0,0
INV2969,SUP27,17130.91,56,6,0,0,0
INV2970,SUP27,8734.77,28,5,0,0,0
INV2971,SUP45,16311.28,58,15,0,0,0
INV2972,SUP13,9560.58,23,15,1,0,0
INV2973,SUP6,23.99,1,1,0,1,1
INV2974,SUP2,6763.0,52,16,1,0,0
INV2975,SUP5,13199.92,24,2,1,0,0
INV2976,SUP39,14293.98,46,20,0,0,0
INV2977,SUP43,1499.66,38,11,0,0,0
INV2978,SUP19,3779.07,42,2,0,0,0
INV2979,SUP27,6667.47,31,4,0,0,0
INV2980,SUP6,16024.96,33,2,0,0,0
INV2981,SUP30,16549.71,32,5,0,0,0
INV2982,SUP15,15052.57,35,3,0,0,0
INV2983,SUP33,6747.63,24,14,0,0,0
INV2984,SUP39,15484.87,26,17,1,0,0
INV2985,SUP6,1748.51,19,9,1,0,0
INV2986,SUP49,4489.09,59,11,0,0,0
INV2987,SUP31,14694.12,58,9,1,0,0
INV2988,SUP48,19861.3,34,12,1,0,0
INV2989,SUP43,17611.88,58,10,0,0,0
INV2990,SUP38,7482.85,42,8,1,0,0
INV2991,SUP45,2246.08,18,3,1,0,0
INV2992,SUP23,942.5,49,4,0,0,0
INV2993,SUP4,16429.05,41,7,0,0,0
INV2994,SUP47,9992.0,0,16,0,0,1
INV2995,SUP10,15809.33,32,10,0,0,0
INV2996,SUP13,588.62,57,18,0,0,0
INV2997,SUP5,3490.44,31,13,0,0,0
INV2998,SUP9,12802.67,17,9,0,0,0
INV2999,SUP15,14161.71,23,3,0,0,0
